date,iso3166-2_code,UVIndex_data_agg_Sum,UVIndex_data_avg_Sum,UVIndex_data_points
2020-02-17,DE-BW,18083.0,4.179106961149304,4327.0
2020-02-23,DE-BW,20781.0,4.8026335099067445,4327.0
2020-03-14,DE-BW,47487.0,10.974575693419068,4327.0
2020-03-09,DE-BW,33865.0,7.8264368323464675,4327.0
2020-03-27,DE-BW,89184.0,20.611042151365343,4327.0
2020-03-10,DE-BW,26181.0,6.050611035218156,4327.0
2020-03-04,DE-BW,30387.0,7.022646863266266,4327.0
2020-02-27,DE-BW,26757.0,6.1837286379180405,4327.0
2020-03-01,DE-BW,37003.0,8.551650438721877,4327.0
2020-03-21,DE-BW,33596.0,7.764269063030027,4327.0
2020-02-26,DE-BW,24578.0,5.680146595759973,4327.0
2020-03-20,DE-BW,72690.0,16.79916413238638,4327.0
2020-02-24,DE-BW,24290.0,5.613587794410031,4327.0
2020-02-22,DE-BW,35498.0,8.203834480278603,4327.0
2020-03-18,DE-BW,70984.0,16.404895677167627,4327.0
2020-02-19,DE-BW,23240.0,5.370925497821702,4327.0
2020-02-20,DE-BW,24036.0,5.554886629330568,4327.0
2020-03-11,DE-BW,36334.0,8.39703988975274,4327.0
2020-02-25,DE-BW,22634.0,5.230874686647865,4327.0
2020-03-06,DE-BW,24876.0,5.7490164666012324,4327.0
2020-03-07,DE-BW,30973.0,7.158075535457468,4327.0
2020-03-26,DE-BW,79827.0,18.448574428339626,4327.0
2020-03-23,DE-BW,81463.0,18.82666539711916,4327.0
2020-03-13,DE-BW,59541.0,13.760338858253094,4327.0
2020-03-22,DE-BW,77334.0,17.872424804154193,4327.0
2020-03-19,DE-BW,72403.0,16.732836437985572,4327.0
2020-02-28,DE-BW,40904.0,9.453198647284808,4327.0
2020-03-24,DE-BW,82688.0,19.109771409805546,4327.0
2020-03-02,DE-BW,32361.0,7.478851980852327,4327.0
2020-03-03,DE-BW,28157.0,6.50727836670248,4327.0
2020-03-16,DE-BW,62112.0,14.354514824470805,4327.0
2020-03-15,DE-BW,63951.0,14.77952050392408,4327.0
2020-03-12,DE-BW,39686.0,9.171710383242342,4327.0
2020-03-05,DE-BW,23105.0,5.339726059688916,4327.0
2020-02-29,DE-BW,37732.0,8.720127404638918,4327.0
2020-03-17,DE-BW,55506.0,12.827822318506513,4327.0
2020-03-25,DE-BW,84495.0,19.5273816668866,4327.0
2020-02-18,DE-BW,23540.0,5.440257582561222,4327.0
2020-02-21,DE-BW,33255.0,7.685461593376106,4327.0
2020-03-08,DE-BW,40338.0,9.32239211407624,4327.0
2020-03-22,DE-BY,142800.0,16.987863789214394,8406.0
2020-02-19,DE-BY,37957.0,4.515464606773183,8406.0
2020-02-23,DE-BY,37991.0,4.519509336246808,8406.0
2020-02-26,DE-BY,52004.0,6.186532692537153,8406.0
2020-03-13,DE-BY,98097.0,11.66987726982188,8406.0
2020-02-29,DE-BY,62204.0,7.399951534623895,8406.0
2020-03-27,DE-BY,170590.0,20.293835320742886,8406.0
2020-02-27,DE-BY,55464.0,6.598143397794027,8406.0
2020-03-19,DE-BY,136369.0,16.222815105541862,8406.0
2020-03-09,DE-BY,53975.0,6.421008039375678,8406.0
2020-03-05,DE-BY,50548.0,6.013323100960847,8406.0
2020-03-17,DE-BY,91385.0,10.871400086676172,8406.0
2020-02-28,DE-BY,61940.0,7.368545399887532,8406.0
2020-02-25,DE-BY,44891.0,5.340351494129016,8406.0
2020-02-24,DE-BY,41417.0,4.92707531203006,8406.0
2020-03-12,DE-BY,83212.0,9.899118498796275,8406.0
2020-03-04,DE-BY,53843.0,6.405304972007498,8406.0
2020-03-26,DE-BY,139566.0,16.603138638693952,8406.0
2020-03-08,DE-BY,75555.0,8.988221628810178,8406.0
2020-02-18,DE-BY,44579.0,5.30323515307695,8406.0
2020-03-25,DE-BY,160328.0,19.073040795498358,8406.0
2020-03-01,DE-BY,69523.0,8.270639035136922,8406.0
2020-03-06,DE-BY,47639.0,5.6672608057029725,8406.0
2020-02-21,DE-BY,58926.0,7.009992028314057,8406.0
2020-03-20,DE-BY,128520.0,15.289077410292954,8406.0
2020-03-10,DE-BY,45685.0,5.4348078236012585,8406.0
2020-03-18,DE-BY,126713.0,15.07411193503308,8406.0
2020-02-17,DE-BY,32296.0,3.842017149415043,8406.0
2020-03-21,DE-BY,60753.0,7.227336756205478,8406.0
2020-03-23,DE-BY,152115.0,18.096000702355376,8406.0
2020-03-07,DE-BY,51293.0,6.101950261485813,8406.0
2020-03-15,DE-BY,123282.0,14.66595114609194,8406.0
2020-03-11,DE-BY,52831.0,6.284914788851441,8406.0
2020-02-20,DE-BY,35388.0,4.209849606251534,8406.0
2020-02-22,DE-BY,67652.0,8.048059951456109,8406.0
2020-03-03,DE-BY,46664.0,5.55127223991527,8406.0
2020-03-02,DE-BY,72189.0,8.587793410921554,8406.0
2020-03-14,DE-BY,82930.0,9.865571036691524,8406.0
2020-03-16,DE-BY,120593.0,14.346060629781034,8406.0
2020-03-24,DE-BY,157092.0,18.688077719714762,8406.0
2020-02-27,DE-BE,631.0,4.412556555548562,143.0
2020-03-17,DE-BE,1700.0,11.888028755043669,143.0
2020-03-13,DE-BE,1016.0,7.104845420661394,143.0
2020-03-23,DE-BE,2002.0,13.999902098586723,143.0
2020-03-11,DE-BE,1371.0,9.58734554303816,143.0
2020-02-25,DE-BE,716.0,5.006957993300746,143.0
2020-02-24,DE-BE,585.0,4.0908804833532635,143.0
2020-02-20,DE-BE,517.0,3.615359333151517,143.0
2020-02-29,DE-BE,768.0,5.370591814043259,143.0
2020-03-03,DE-BE,556.0,3.8880846987084015,143.0
2020-03-10,DE-BE,858.0,5.9999580422514525,143.0
2020-03-16,DE-BE,1601.0,11.195725904014656,143.0
2020-02-17,DE-BE,705.0,4.9300354542975215,143.0
2020-03-04,DE-BE,1013.0,7.083866546387787,143.0
2020-03-02,DE-BE,855.0,5.978979167977848,143.0
2020-03-14,DE-BE,1573.0,10.999923077460997,143.0
2020-03-27,DE-BE,2431.0,16.999881119712448,143.0
2020-03-22,DE-BE,2002.0,13.999902098586723,143.0
2020-03-19,DE-BE,1485.0,10.384542765435206,143.0
2020-02-22,DE-BE,626.0,4.377591765092552,143.0
2020-03-08,DE-BE,1210.0,8.461479290354612,143.0
2020-02-21,DE-BE,713.0,4.98597911902714,143.0
2020-03-18,DE-BE,1603.0,11.209711820197061,143.0
2020-02-19,DE-BE,491.0,3.43354242278026,143.0
2020-02-18,DE-BE,714.0,4.992972077118342,143.0
2020-03-01,DE-BE,872.0,6.097859455528282,143.0
2020-02-26,DE-BE,512.0,3.580394542695505,143.0
2020-03-21,DE-BE,1752.0,12.251662575786185,143.0
2020-02-28,DE-BE,731.0,5.111852364668779,143.0
2020-03-25,DE-BE,2268.0,15.860028950846493,143.0
2020-03-09,DE-BE,826.0,5.776183383332984,143.0
2020-02-23,DE-BE,422.0,2.951028314487312,143.0
2020-03-07,DE-BE,718.0,5.02094390948315,143.0
2020-03-12,DE-BE,1311.0,9.167768057566027,143.0
2020-03-06,DE-BE,715.0,4.999965035209543,143.0
2020-03-26,DE-BE,2399.0,16.776106460793983,143.0
2020-03-05,DE-BE,1384.0,9.678253998223788,143.0
2020-03-20,DE-BE,1309.0,9.153782141383626,143.0
2020-03-15,DE-BE,1527.0,10.678247005265698,143.0
2020-03-24,DE-BE,2110.0,14.755141572436555,143.0
2020-02-25,DE-BB,19334.0,4.854128834012344,3983.0
2020-02-23,DE-BB,12054.0,3.0263612788447705,3983.0
2020-02-20,DE-BB,10524.0,2.6422288118933435,3983.0
2020-03-13,DE-BB,26891.0,6.751441940386155,3983.0
2020-03-26,DE-BB,63779.0,16.012800398493496,3983.0
2020-02-22,DE-BB,13275.0,3.3329140514903206,3983.0
2020-03-21,DE-BB,43255.0,10.859901867963377,3983.0
2020-03-15,DE-BB,36970.0,9.281945949800162,3983.0
2020-03-07,DE-BB,19189.0,4.817724123092113,3983.0
2020-02-21,DE-BB,12891.0,3.2365043342946684,3983.0
2020-02-26,DE-BB,13009.0,3.2661302369745826,3983.0
2020-03-20,DE-BB,26919.0,6.758471815598337,3983.0
2020-03-25,DE-BB,60759.0,15.25457814346519,3983.0
2020-03-06,DE-BB,18109.0,4.5465717934793375,3983.0
2020-02-28,DE-BB,19251.0,4.833290275347658,3983.0
2020-02-19,DE-BB,10892.0,2.734621457539177,3983.0
2020-03-04,DE-BB,24333.0,6.109212626358866,3983.0
2020-03-10,DE-BB,22062.0,5.539039533256457,3983.0
2020-02-17,DE-BB,10482.0,2.6316839990750687,3983.0
2020-03-23,DE-BB,57752.0,14.499619759071114,3983.0
2020-03-27,DE-BB,64807.0,16.270897245569362,3983.0
2020-03-05,DE-BB,35095.0,8.811195377555768,3983.0
2020-03-18,DE-BB,32008.0,8.036151635412594,3983.0
2020-03-24,DE-BB,60298.0,15.138836269436036,3983.0
2020-03-03,DE-BB,13712.0,3.442630318194748,3983.0
2020-03-12,DE-BB,29498.0,7.4059735360347645,3983.0
2020-03-22,DE-BB,54507.0,13.68490743537348,3983.0
2020-03-09,DE-BB,20274.0,5.090131787564201,3983.0
2020-03-08,DE-BB,24765.0,6.217673558203978,3983.0
2020-03-16,DE-BB,32563.0,8.175493804796936,3983.0
2020-03-17,DE-BB,40393.0,10.141348194489533,3983.0
2020-03-14,DE-BB,43122.0,10.826509960705506,3983.0
2020-02-29,DE-BB,18137.0,4.553601668691521,3983.0
2020-03-11,DE-BB,33016.0,8.289227143051182,3983.0
2020-02-27,DE-BB,15474.0,3.885010322618548,3983.0
2020-03-19,DE-BB,26009.0,6.530000871202392,3983.0
2020-03-02,DE-BB,18982.0,4.7657532599163295,3983.0
2020-03-01,DE-BB,19959.0,5.0110456914271415,3983.0
2020-02-18,DE-BB,16083.0,4.037910108483529,3983.0
2020-02-24,DE-BB,12069.0,3.030127283422725,3983.0
2020-03-05,DE-HB,523.0,6.7050422430481635,78.0
2020-03-18,DE-HB,631.0,8.089639876411841,78.0
2020-03-21,DE-HB,944.0,12.102408943475089,78.0
2020-02-23,DE-HB,222.0,2.8461173574697765,78.0
2020-02-26,DE-HB,365.0,4.679427186830939,78.0
2020-03-04,DE-HB,368.0,4.717888232202151,78.0
2020-03-02,DE-HB,427.0,5.474288791169344,78.0
2020-03-11,DE-HB,759.0,9.730644478916936,78.0
2020-02-19,DE-HB,254.0,3.25636850809605,78.0
2020-03-16,DE-HB,758.0,9.717824130459864,78.0
2020-03-13,DE-HB,613.0,7.858873604184562,78.0
2020-02-21,DE-HB,259.0,3.3204702503814048,78.0
2020-03-10,DE-HB,369.0,4.730708580659221,78.0
2020-03-03,DE-HB,487.0,6.243509698593607,78.0
2020-02-29,DE-HB,404.0,5.179420776656709,78.0
2020-03-27,DE-HB,1188.0,15.230573967000424,78.0
2020-02-20,DE-HB,209.0,2.679452827527852,78.0
2020-03-07,DE-HB,485.0,6.217869001679465,78.0
2020-02-22,DE-HB,250.0,3.2050871142677657,78.0
2020-03-01,DE-HB,452.0,5.794797502596119,78.0
2020-03-14,DE-HB,838.0,10.743452007025551,78.0
2020-02-25,DE-HB,458.0,5.871719593338548,78.0
2020-02-27,DE-HB,387.0,4.961474852886501,78.0
2020-03-25,DE-HB,1062.0,13.615210061409467,78.0
2020-03-22,DE-HB,1014.0,12.999833335470054,78.0
2020-02-24,DE-HB,352.0,4.512762656889014,78.0
2020-03-19,DE-HB,458.0,5.871719593338548,78.0
2020-03-08,DE-HB,462.0,5.923000987166832,78.0
2020-03-15,DE-HB,641.0,8.21784336098255,78.0
2020-02-17,DE-HB,362.0,4.6409661414597245,78.0
2020-02-28,DE-HB,432.0,5.538390533454701,78.0
2020-03-09,DE-HB,449.0,5.756336457224907,78.0
2020-02-18,DE-HB,276.0,3.5384161741516134,78.0
2020-03-24,DE-HB,1071.0,13.730593197523108,78.0
2020-03-26,DE-HB,1154.0,14.794682119460006,78.0
2020-03-20,DE-HB,758.0,9.717824130459864,78.0
2020-03-23,DE-HB,1048.0,13.435725183010476,78.0
2020-03-06,DE-HB,366.0,4.692247535288009,78.0
2020-03-12,DE-HB,742.0,9.512698555146727,78.0
2020-03-17,DE-HB,761.0,9.756285175831078,78.0
2020-03-15,DE-HH,1026.0,7.772668388875841,132.0
2020-02-24,DE-HH,398.0,3.015128673267627,132.0
2020-03-16,DE-HH,1403.0,10.628707358277591,132.0
2020-03-22,DE-HH,1716.0,12.999901515897609,132.0
2020-02-21,DE-HH,520.0,3.939364095726547,132.0
2020-02-25,DE-HH,537.0,4.068150998856069,132.0
2020-03-05,DE-HH,938.0,7.106006772675964,132.0
2020-03-17,DE-HH,1345.0,10.189316747600397,132.0
2020-03-01,DE-HH,538.0,4.075726699040159,132.0
2020-02-23,DE-HH,316.0,2.3939212581722864,132.0
2020-03-19,DE-HH,984.0,7.454488981144083,132.0
2020-03-12,DE-HH,1246.0,9.439322429375538,132.0
2020-02-22,DE-HH,232.0,1.7575624427087673,132.0
2020-02-19,DE-HH,418.0,3.166642676949417,132.0
2020-03-21,DE-HH,1454.0,11.015068067666151,132.0
2020-03-20,DE-HH,1377.0,10.43173915349126,132.0
2020-02-29,DE-HH,724.0,5.484806933280809,132.0
2020-03-04,DE-HH,540.0,4.0908780994083385,132.0
2020-02-17,DE-HH,510.0,3.8636070938856517,132.0
2020-02-27,DE-HH,668.0,5.060567722971795,132.0
2020-03-26,DE-HH,1945.0,14.734736858054106,132.0
2020-03-10,DE-HH,768.0,5.818137741380747,132.0
2020-03-06,DE-HH,546.0,4.1363323005128745,132.0
2020-03-11,DE-HH,1320.0,9.99992424299816,132.0
2020-03-25,DE-HH,1844.0,13.969591139461064,132.0
2020-03-18,DE-HH,858.0,6.4999507579488025,132.0
2020-02-18,DE-HH,498.0,3.772698691676578,132.0
2020-03-02,DE-HH,792.0,5.9999545457988965,132.0
2020-03-13,DE-HH,936.0,7.090855372307786,132.0
2020-03-03,DE-HH,657.0,4.977235020946812,132.0
2020-03-14,DE-HH,1320.0,9.99992424299816,132.0
2020-02-20,DE-HH,265.0,2.0075605487837214,132.0
2020-03-24,DE-HH,1759.0,13.325656623813455,132.0
2020-02-26,DE-HH,663.0,5.022689222051348,132.0
2020-03-07,DE-HH,751.0,5.689350838251225,132.0
2020-03-23,DE-HH,1716.0,12.999901515897609,132.0
2020-03-08,DE-HH,582.0,4.409057507140098,132.0
2020-03-09,DE-HH,804.0,6.0908629480079695,132.0
2020-03-27,DE-HH,1993.0,15.0983704668904,132.0
2020-02-28,DE-HH,662.0,5.015113521867258,132.0
2020-02-19,DE-HE,11554.0,4.280843171232615,2699.0
2020-02-25,DE-HE,14959.0,5.5424210661648505,2699.0
2020-03-21,DE-HE,26747.0,9.909962982599858,2699.0
2020-03-19,DE-HE,37002.0,13.70951696572176,2699.0
2020-03-26,DE-HE,47729.0,17.683950469080965,2699.0
2020-03-04,DE-HE,15259.0,5.653573303603815,2699.0
2020-03-25,DE-HE,47549.0,17.617259126617586,2699.0
2020-03-06,DE-HE,13220.0,4.898108596476993,2699.0
2020-02-24,DE-HE,11231.0,4.1611692622566645,2699.0
2020-02-17,DE-HE,9447.0,3.5001839569529616,2699.0
2020-02-27,DE-HE,11953.0,4.428675647026436,2699.0
2020-03-27,DE-HE,48965.0,18.141897687329497,2699.0
2020-03-12,DE-HE,18619.0,6.898478362920206,2699.0
2020-03-07,DE-HE,16296.0,6.037789537684499,2699.0
2020-03-13,DE-HE,22863.0,8.47091201522341,2699.0
2020-03-09,DE-HE,19016.0,7.045569823797767,2699.0
2020-03-02,DE-HE,16365.0,6.0633545522954595,2699.0
2020-02-21,DE-HE,12627.0,4.678397673805975,2699.0
2020-03-23,DE-HE,44882.0,16.629115735785202,2699.0
2020-03-20,DE-HE,26720.0,9.89995928123035,2699.0
2020-03-16,DE-HE,28047.0,10.3916226781687,2699.0
2020-02-29,DE-HE,16596.0,6.148941775123463,2699.0
2020-03-10,DE-HE,13799.0,5.1126324147341915,2699.0
2020-02-26,DE-HE,11661.0,4.3204874692525115,2699.0
2020-02-20,DE-HE,8860.0,3.2826960790307225,2699.0
2020-03-17,DE-HE,30456.0,11.284175144803575,2699.0
2020-03-14,DE-HE,20921.0,7.751386531535187,2699.0
2020-03-01,DE-HE,16379.0,6.068541656709279,2699.0
2020-02-23,DE-HE,10067.0,3.7298985809934857,2699.0
2020-02-28,DE-HE,16045.0,5.944792165693898,2699.0
2020-03-11,DE-HE,14536.0,5.385696411375912,2699.0
2020-03-18,DE-HE,36174.0,13.402736790390222,2699.0
2020-03-03,DE-HE,17190.0,6.369023205252611,2699.0
2020-03-08,DE-HE,14676.0,5.4375674555140945,2699.0
2020-03-05,DE-HE,11809.0,4.375322573055734,2699.0
2020-02-22,DE-HE,12411.0,4.598368062849921,2699.0
2020-03-22,DE-HE,43371.0,16.069278966550957,2699.0
2020-03-15,DE-HE,30618.0,11.344197353020615,2699.0
2020-03-24,DE-HE,46301.0,17.1548658188715,2699.0
2020-02-18,DE-HE,10926.0,4.048164487527052,2699.0
2020-02-24,DE-NI,23730.0,3.74467354510438,6337.0
2020-03-16,DE-NI,55987.0,8.834936273483306,6337.0
2020-03-26,DE-NI,98530.0,15.54836428146374,6337.0
2020-03-18,DE-NI,53913.0,8.50765212124789,6337.0
2020-03-21,DE-NI,71466.0,11.277574360490078,6337.0
2020-02-19,DE-NI,20764.0,3.276628802804354,6337.0
2020-03-24,DE-NI,92263.0,14.559410673913414,6337.0
2020-02-23,DE-NI,18048.0,2.848034898526921,6337.0
2020-03-22,DE-NI,86269.0,13.613537381483765,6337.0
2020-03-13,DE-NI,46778.0,7.38172520408313,6337.0
2020-03-05,DE-NI,39066.0,6.1647457527622285,6337.0
2020-03-15,DE-NI,49414.0,7.7976948401933335,6337.0
2020-02-20,DE-NI,15642.0,2.4683600333975013,6337.0
2020-03-20,DE-NI,45309.0,7.149912079862382,6337.0
2020-03-07,DE-NI,39357.0,6.210666528220526,6337.0
2020-03-06,DE-NI,26208.0,4.135710251584307,6337.0
2020-03-03,DE-NI,36103.0,5.697174420518477,6337.0
2020-02-28,DE-NI,33566.0,5.296827316265217,6337.0
2020-03-17,DE-NI,58062.0,9.162378229070818,6337.0
2020-02-18,DE-NI,24355.0,3.843300640160858,6337.0
2020-03-09,DE-NI,40284.0,6.356950235608295,6337.0
2020-02-22,DE-NI,17920.0,2.8278360694593547,6337.0
2020-03-02,DE-NI,33125.0,5.227236037993366,6337.0
2020-03-25,DE-NI,92719.0,14.631369002466625,6337.0
2020-02-21,DE-NI,20654.0,3.2592704340744145,6337.0
2020-03-10,DE-NI,30466.0,4.8076369247850845,6337.0
2020-03-08,DE-NI,34134.0,5.386459620252545,6337.0
2020-03-19,DE-NI,44443.0,7.013254376952126,6337.0
2020-03-04,DE-NI,30865.0,4.87060046226914,6337.0
2020-03-27,DE-NI,101833.0,16.069588753418213,6337.0
2020-02-27,DE-NI,29506.0,4.656145706778332,6337.0
2020-03-01,DE-NI,33360.0,5.264319825734602,6337.0
2020-03-11,DE-NI,50949.0,8.039922985652046,6337.0
2020-02-26,DE-NI,27143.0,4.283256385788798,6337.0
2020-03-14,DE-NI,61263.0,9.667506759112078,6337.0
2020-02-25,DE-NI,35099.0,5.538739855019748,6337.0
2020-02-17,DE-NI,26945.0,4.252011322074906,6337.0
2020-03-23,DE-NI,89116.0,14.062803524885034,6337.0
2020-02-29,DE-NI,35363.0,5.5803999399716036,6337.0
2020-03-12,DE-NI,59913.0,9.454472233790083,6337.0
2020-03-18,DE-MV,18220.0,5.553183312044099,3281.0
2020-03-13,DE-MV,19126.0,5.829318552478343,3281.0
2020-02-28,DE-MV,16743.0,5.103015817428887,3281.0
2020-03-19,DE-MV,20814.0,6.343795689181443,3281.0
2020-02-25,DE-MV,14351.0,4.373970017077105,3281.0
2020-02-27,DE-MV,12188.0,3.7147199894178633,3281.0
2020-03-16,DE-MV,23258.0,7.088690311280002,3281.0
2020-03-04,DE-MV,13117.0,3.9978652856247217,3281.0
2020-03-05,DE-MV,17943.0,5.468757857739147,3281.0
2020-03-11,DE-MV,29233.0,8.9097808869915,3281.0
2020-03-15,DE-MV,20836.0,6.350500959920463,3281.0
2020-03-09,DE-MV,15052.0,4.587624325625015,3281.0
2020-02-20,DE-MV,2688.0,0.8192621702949799,3281.0
2020-02-22,DE-MV,3422.0,1.0429743849514217,3281.0
2020-02-19,DE-MV,9502.0,2.8960673891900672,3281.0
2020-02-23,DE-MV,7967.0,2.428222362626528,3281.0
2020-03-01,DE-MV,13217.0,4.0283437889839115,3281.0
2020-03-06,DE-MV,12053.0,3.6735740098829592,3281.0
2020-03-24,DE-MV,43985.0,13.405969702538949,3281.0
2020-03-17,DE-MV,28264.0,8.614444189440968,3281.0
2020-03-02,DE-MV,14995.0,4.570251578710279,3281.0
2020-03-23,DE-MV,42156.0,12.848517876099393,3281.0
2020-02-18,DE-MV,6123.0,1.8661987606830963,3281.0
2020-03-14,DE-MV,32754.0,9.982928990268515,3281.0
2020-03-20,DE-MV,19800.0,6.034743665119272,3281.0
2020-03-27,DE-MV,48758.0,14.860708667873006,3281.0
2020-02-17,DE-MV,13949.0,4.251446433573168,3281.0
2020-03-21,DE-MV,35568.0,10.840594074796076,3281.0
2020-03-22,DE-MV,38327.0,11.68149598247608,3281.0
2020-02-26,DE-MV,12560.0,3.828100021914044,3281.0
2020-03-10,DE-MV,16073.0,4.898809844922328,3281.0
2020-03-08,DE-MV,13134.0,4.003046631195784,3281.0
2020-03-26,DE-MV,47355.0,14.433095265743596,3281.0
2020-02-21,DE-MV,9839.0,2.9987799455105315,3281.0
2020-02-24,DE-MV,7085.0,2.1594019629984866,3281.0
2020-03-03,DE-MV,9239.0,2.8159089253554015,3281.0
2020-03-07,DE-MV,13563.0,4.133799410606701,3281.0
2020-03-25,DE-MV,39830.0,12.139587887964678,3281.0
2020-03-12,DE-MV,26636.0,8.118254154753384,3281.0
2020-02-29,DE-MV,12940.0,3.9439183346789592,3281.0
2020-03-04,DE-NW,26580.0,5.990532794561012,4437.0
2020-02-25,DE-NW,28371.0,6.39418381920581,4437.0
2020-03-21,DE-NW,58989.0,13.29479078323399,4437.0
2020-03-26,DE-NW,75148.0,16.936665103298374,4437.0
2020-02-20,DE-NW,15636.0,3.5240019102993214,4437.0
2020-02-28,DE-NW,27887.0,6.285101130245407,4437.0
2020-03-13,DE-NW,34808.0,7.844938506887872,4437.0
2020-03-07,DE-NW,34659.0,7.811357265864937,4437.0
2020-03-15,DE-NW,44506.0,10.03064908031348,4437.0
2020-03-03,DE-NW,31011.0,6.9891803044443765,4437.0
2020-02-19,DE-NW,21686.0,4.887535522304368,4437.0
2020-03-22,DE-NW,67420.0,15.194948119236393,4437.0
2020-03-27,DE-NW,77330.0,17.428438713446308,4437.0
2020-02-29,DE-NW,33626.0,7.578542353269698,4437.0
2020-03-17,DE-NW,55485.0,12.505068175553713,4437.0
2020-02-24,DE-NW,19019.0,4.286453845739498,4437.0
2020-03-06,DE-NW,20445.0,4.607842098750934,4437.0
2020-03-01,DE-NW,25825.0,5.8203728148810425,4437.0
2020-03-25,DE-NW,72599.0,16.36217796660402,4437.0
2020-03-11,DE-NW,24769.0,5.582374220785617,4437.0
2020-03-24,DE-NW,70819.0,15.961006093981045,4437.0
2020-02-27,DE-NW,23785.0,5.360602803560332,4437.0
2020-03-18,DE-NW,56955.0,12.83637303665246,4437.0
2020-02-17,DE-NW,21122.0,4.760422636821582,4437.0
2020-02-21,DE-NW,22409.0,5.050483423375384,4437.0
2020-02-22,DE-NW,18555.0,4.18187870590969,4437.0
2020-03-05,DE-NW,19634.0,4.4250609815052995,4437.0
2020-03-19,DE-NW,49764.0,11.215683746746958,4437.0
2020-03-02,DE-NW,26018.0,5.863870663991285,4437.0
2020-02-23,DE-NW,16236.0,3.659228384217177,4437.0
2020-02-18,DE-NW,16067.0,3.621139594063648,4437.0
2020-03-10,DE-NW,22875.0,5.155509318118251,4437.0
2020-03-09,DE-NW,31957.0,7.202387378321527,4437.0
2020-03-12,DE-NW,48807.0,10.99999752084798,4437.0
2020-03-14,DE-NW,46871.0,10.563666765006364,4437.0
2020-02-26,DE-NW,19171.0,4.320711219132022,4437.0
2020-03-23,DE-NW,69082.0,15.569525451988854,4437.0
2020-03-08,DE-NW,29434.0,6.6337600554969445,4437.0
2020-03-20,DE-NW,30874.0,6.958303592899799,4437.0
2020-03-16,DE-NW,50589.0,11.401620148384009,4437.0
2020-02-21,DE-RP,13533.0,5.368105764337262,2521.0
2020-02-27,DE-RP,11826.0,4.690993775885055,2521.0
2020-03-07,DE-RP,17444.0,6.9194736535209636,2521.0
2020-03-23,DE-RP,43227.0,17.14676035431957,2521.0
2020-03-03,DE-RP,16280.0,6.457752297599247,2521.0
2020-03-26,DE-RP,46474.0,18.43474080335549,2521.0
2020-02-26,DE-RP,12127.0,4.810390793180963,2521.0
2020-02-23,DE-RP,10138.0,4.021418476232258,2521.0
2020-03-12,DE-RP,18380.0,7.290754743849764,2521.0
2020-03-24,DE-RP,44257.0,17.555328220813873,2521.0
2020-02-29,DE-RP,20701.0,8.211420780872361,2521.0
2020-03-14,DE-RP,25796.0,10.232443382608732,2521.0
2020-03-17,DE-RP,32466.0,12.878217819032994,2521.0
2020-02-17,DE-RP,10705.0,4.246329136719898,2521.0
2020-03-10,DE-RP,14752.0,5.851643850994107,2521.0
2020-03-18,DE-RP,29243.0,11.599757397954226,2521.0
2020-02-24,DE-RP,9932.0,3.9397049029333977,2521.0
2020-03-25,DE-RP,45453.0,18.02974294734512,2521.0
2020-03-15,DE-RP,31064.0,12.322089519202885,2521.0
2020-03-01,DE-RP,17464.0,6.927407010151919,2521.0
2020-03-05,DE-RP,12000.0,4.760013978574382,2521.0
2020-03-20,DE-RP,38994.0,15.467665423377461,2521.0
2020-03-19,DE-RP,37320.0,14.803643473366332,2521.0
2020-03-21,DE-RP,21336.0,8.463304853905253,2521.0
2020-03-08,DE-RP,16122.0,6.395078780214684,2521.0
2020-02-19,DE-RP,14004.0,5.554936312996305,2521.0
2020-03-02,DE-RP,14439.0,5.727486819719628,2521.0
2020-03-27,DE-RP,47521.0,18.850052022986105,2521.0
2020-02-22,DE-RP,14968.0,5.937324102608447,2521.0
2020-02-28,DE-RP,19924.0,7.903209875759669,2521.0
2020-03-06,DE-RP,12677.0,5.0285581005322895,2521.0
2020-03-04,DE-RP,16098.0,6.385558752257536,2521.0
2020-03-22,DE-RP,42688.0,16.932956393115273,2521.0
2020-02-18,DE-RP,10028.0,3.9777850147619933,2521.0
2020-03-16,DE-RP,33936.0,13.461319531408355,2521.0
2020-03-09,DE-RP,22073.0,8.75564904575603,2521.0
2020-02-20,DE-RP,10176.0,4.036491853831077,2521.0
2020-02-25,DE-RP,14059.0,5.576753043731438,2521.0
2020-03-11,DE-RP,16459.0,6.5287558394463145,2521.0
2020-03-13,DE-RP,21671.0,8.596188577473788,2521.0
2020-02-23,DE-SL,1472.0,3.99998913046432,368.0
2020-03-20,DE-SL,6256.0,16.999953804473353,368.0
2020-02-25,DE-SL,1856.0,5.043464555802838,368.0
2020-03-24,DE-SL,6624.0,17.999951087089443,368.0
2020-03-27,DE-SL,6992.0,18.99994836970552,368.0
2020-02-19,DE-SL,2098.0,5.7010714644797185,368.0
2020-02-17,DE-SL,1483.0,4.029880353585996,368.0
2020-03-22,DE-SL,6332.0,17.20647498240494,368.0
2020-02-28,DE-SL,3195.0,8.682041624886889,368.0
2020-02-20,DE-SL,1667.0,4.529878994894036,368.0
2020-03-07,DE-SL,2698.0,7.331501816571151,368.0
2020-03-02,DE-SL,2093.0,5.687484544878955,368.0
2020-03-14,DE-SL,4019.0,10.92116597509246,368.0
2020-03-06,DE-SL,1964.0,5.336942019179296,368.0
2020-02-24,DE-SL,1314.0,3.570642471080242,368.0
2020-03-15,DE-SL,4981.0,13.535289306279061,368.0
2020-03-01,DE-SL,2418.0,6.570634318928483,368.0
2020-03-04,DE-SL,2202.0,5.983679392175566,368.0
2020-03-18,DE-SL,4990.0,13.55974576156043,368.0
2020-02-26,DE-SL,1888.0,5.130420841247714,368.0
2020-03-03,DE-SL,2338.0,6.3532436053162895,368.0
2020-02-22,DE-SL,2874.0,7.809761386517973,368.0
2020-03-05,DE-SL,1887.0,5.127703457327561,368.0
2020-03-17,DE-SL,4655.0,12.64942214830938,368.0
2020-02-21,DE-SL,2117.0,5.752701758962612,368.0
2020-03-23,DE-SL,6581.0,17.88310357852289,368.0
2020-03-09,DE-SL,3434.0,9.33149638180331,368.0
2020-03-08,DE-SL,2539.0,6.8994377732669205,368.0
2020-03-26,DE-SL,6933.0,18.839622718416532,368.0
2020-03-13,DE-SL,3534.0,9.603234773818551,368.0
2020-02-18,DE-SL,1501.0,4.0787932641487386,368.0
2020-03-10,DE-SL,2238.0,6.0815052133010505,368.0
2020-03-19,DE-SL,6245.0,16.970062581351687,368.0
2020-03-11,DE-SL,2534.0,6.885850853666159,368.0
2020-03-16,DE-SL,5291.0,14.377678321526304,368.0
2020-03-12,DE-SL,2611.0,7.095089415517893,368.0
2020-02-27,DE-SL,1847.0,5.019008100521465,368.0
2020-03-21,DE-SL,3186.0,8.657585169605518,368.0
2020-02-29,DE-SL,3347.0,9.095083980750053,368.0
2020-03-25,DE-SL,6701.0,18.20918964894117,368.0
2020-02-28,DE-SN,12412.0,5.268249037245739,2356.0
2020-02-18,DE-SN,11597.0,4.9223238869593,2356.0
2020-02-26,DE-SN,9853.0,4.182086510150038,2356.0
2020-03-05,DE-SN,20297.0,8.61502181026239,2356.0
2020-03-09,DE-SN,11872.0,5.039047097178651,2356.0
2020-02-29,DE-SN,13679.0,5.806024700329074,2356.0
2020-03-11,DE-SN,12409.0,5.266975693134254,2356.0
2020-03-12,DE-SN,15054.0,6.389640751425826,2356.0
2020-03-14,DE-SN,27734.0,11.771641862630787,2356.0
2020-02-20,DE-SN,7546.0,3.2028848884189776,2356.0
2020-03-16,DE-SN,23005.0,9.764427094895119,2356.0
2020-03-17,DE-SN,23344.0,9.908314979492793,2356.0
2020-03-25,DE-SN,40028.0,16.989806031491494,2356.0
2020-03-07,DE-SN,12069.0,5.122663360499423,2356.0
2020-03-20,DE-SN,13411.0,5.692272626369853,2356.0
2020-03-13,DE-SN,18192.0,7.721558692037907,2356.0
2020-03-15,DE-SN,26255.0,11.143883215669264,2356.0
2020-03-22,DE-SN,35517.0,15.075120935856988,2356.0
2020-03-26,DE-SN,37430.0,15.887090030946505,2356.0
2020-03-21,DE-SN,19734.0,8.376057565340593,2356.0
2020-03-08,DE-SN,17216.0,7.307297407768504,2356.0
2020-02-17,DE-SN,10103.0,4.288198519440357,2356.0
2020-03-06,DE-SN,12102.0,5.136670145725744,2356.0
2020-03-27,DE-SN,38353.0,16.27885556924636,2356.0
2020-02-24,DE-SN,10506.0,4.45925107841635,2356.0
2020-03-18,DE-SN,31133.0,13.21434074094196,2356.0
2020-03-02,DE-SN,17345.0,7.362051204562308,2356.0
2020-03-24,DE-SN,39587.0,16.802624447103373,2356.0
2020-03-04,DE-SN,18312.0,7.772492456497259,2356.0
2020-03-10,DE-SN,13332.0,5.658741231434113,2356.0
2020-03-01,DE-SN,13607.0,5.775464441653463,2356.0
2020-02-25,DE-SN,9843.0,4.177842029778425,2356.0
2020-02-21,DE-SN,9708.0,4.120541544761654,2356.0
2020-02-27,DE-SN,11215.0,4.760184736763693,2356.0
2020-02-23,DE-SN,6973.0,2.9596761631255672,2356.0
2020-03-03,DE-SN,11691.0,4.96222200245246,2356.0
2020-02-19,DE-SN,8407.0,3.568334648414835,2356.0
2020-02-22,DE-SN,11198.0,4.752969120131953,2356.0
2020-03-19,DE-SN,27901.0,11.842524684836722,2356.0
2020-03-23,DE-SN,39297.0,16.679534516326605,2356.0
2020-03-12,DE-ST,22471.0,8.26443241469937,2719.0
2020-03-04,DE-ST,16557.0,6.0893688527514325,2719.0
2020-03-24,DE-ST,44519.0,16.373292985180953,2719.0
2020-03-19,DE-ST,23282.0,8.562703728317862,2719.0
2020-03-26,DE-ST,45995.0,16.91613942032386,2719.0
2020-03-17,DE-ST,27471.0,10.103343102852847,2719.0
2020-03-03,DE-ST,10829.0,3.9827127684028074,2719.0
2020-03-08,DE-ST,14423.0,5.304521771047527,2719.0
2020-02-26,DE-ST,10014.0,3.682970326233789,2719.0
2020-03-09,DE-ST,16674.0,6.1323993628542235,2719.0
2020-03-02,DE-ST,18713.0,6.8823071414832135,2719.0
2020-02-24,DE-ST,10242.0,3.7668246536135874,2719.0
2020-03-07,DE-ST,16659.0,6.126882630789764,2719.0
2020-03-11,DE-ST,17038.0,6.266272060951798,2719.0
2020-02-17,DE-ST,6144.0,2.259653453602996,2719.0
2020-03-05,DE-ST,16335.0,6.007721218197418,2719.0
2020-02-22,DE-ST,10023.0,3.6862803654724656,2719.0
2020-03-01,DE-ST,12479.0,4.589553295493455,2719.0
2020-03-20,DE-ST,14104.0,5.187199269143336,2719.0
2020-02-20,DE-ST,7933.0,2.9176156978243113,2719.0
2020-02-21,DE-ST,10832.0,3.9838161148156983,2719.0
2020-02-18,DE-ST,11863.0,4.362999498712946,2719.0
2020-03-13,DE-ST,21346.0,7.850677509864836,2719.0
2020-03-21,DE-ST,25630.0,9.426256187474737,2719.0
2020-03-27,DE-ST,46141.0,16.969835612417942,2719.0
2020-03-06,DE-ST,12064.0,4.436923708376716,2719.0
2020-03-23,DE-ST,43366.0,15.949240180492758,2719.0
2020-03-16,DE-ST,25688.0,9.447587551457318,2719.0
2020-02-29,DE-ST,13213.0,4.859505384514385,2719.0
2020-02-28,DE-ST,15741.0,5.7892586284447844,2719.0
2020-03-25,DE-ST,44819.0,16.483627626470167,2719.0
2020-03-22,DE-ST,41156.0,15.136441656328927,2719.0
2020-03-10,DE-ST,13866.0,5.09966712038723,2719.0
2020-02-19,DE-ST,10320.0,3.7955116603487817,2719.0
2020-03-18,DE-ST,27508.0,10.116951041945184,2719.0
2020-03-15,DE-ST,25168.0,9.256340839889356,2719.0
2020-02-23,DE-ST,8280.0,3.0452360995821626,2719.0
2020-02-27,DE-ST,11034.0,4.058108106617098,2719.0
2020-02-25,DE-ST,15941.0,5.862815055970924,2719.0
2020-03-14,DE-ST,29749.0,10.941150812375572,2719.0
2020-03-14,DE-SH,22146.0,9.895437937695293,2238.0
2020-03-24,DE-SH,27630.0,12.345838987560773,2238.0
2020-03-20,DE-SH,16702.0,7.4629099808266375,2238.0
2020-02-18,DE-SH,6404.0,2.8614821887925874,2238.0
2020-03-12,DE-SH,17469.0,7.805626539040866,2238.0
2020-03-07,DE-SH,13712.0,6.126896279313548,2238.0
2020-03-03,DE-SH,9113.0,4.071937412002943,2238.0
2020-03-16,DE-SH,16992.0,7.592489905053661,2238.0
2020-03-27,DE-SH,31737.0,14.180958811010358,2238.0
2020-03-15,DE-SH,13239.0,5.915546954626025,2238.0
2020-03-18,DE-SH,11422.0,5.103661705244993,2238.0
2020-02-20,DE-SH,717.0,0.3203751919681894,2238.0
2020-03-26,DE-SH,30581.0,13.664426423401954,2238.0
2020-03-17,DE-SH,13362.0,5.970506715591278,2238.0
2020-02-23,DE-SH,3964.0,1.7712235159859175,2238.0
2020-03-22,DE-SH,27222.0,12.163533438993099,2238.0
2020-02-24,DE-SH,5374.0,2.401250044124198,2238.0
2020-03-25,DE-SH,26028.0,11.630021613037705,2238.0
2020-03-06,DE-SH,9818.0,4.386950676072083,2238.0
2020-03-23,DE-SH,28830.0,12.882031777465693,2238.0
2020-03-13,DE-SH,13996.0,6.253795239591045,2238.0
2020-02-29,DE-SH,9411.0,4.205091954829332,2238.0
2020-03-08,DE-SH,9203.0,4.112151871245812,2238.0
2020-02-26,DE-SH,10656.0,4.7613919743556865,2238.0
2020-03-19,DE-SH,17400.0,7.774795453621333,2238.0
2020-03-05,DE-SH,11452.0,5.117066524992616,2238.0
2020-02-25,DE-SH,9083.0,4.05853259225532,2238.0
2020-03-01,DE-SH,9136.0,4.082214440476121,2238.0
2020-02-27,DE-SH,9282.0,4.1474512299145525,2238.0
2020-02-22,DE-SH,2014.0,0.8999102323904233,2238.0
2020-03-09,DE-SH,10627.0,4.748433981932983,2238.0
2020-02-28,DE-SH,11241.0,5.0227859594343345,2238.0
2020-02-19,DE-SH,8726.0,3.8990152372586073,2238.0
2020-03-04,DE-SH,10325.0,4.613492129806912,2238.0
2020-03-11,DE-SH,20709.0,9.25334707178415,2238.0
2020-02-17,DE-SH,8695.0,3.885163590186063,2238.0
2020-03-21,DE-SH,25784.0,11.520995745757036,2238.0
2020-02-21,DE-SH,4280.0,1.91242095066088,2238.0
2020-03-10,DE-SH,9372.0,4.187665689157422,2238.0
2020-03-02,DE-SH,9771.0,4.3659497918008086,2238.0
2020-03-10,DE-TH,11086.0,5.274022229294848,2102.0
2020-02-29,DE-TH,11139.0,5.299236299126403,2102.0
2020-03-03,DE-TH,10398.0,4.9467150586512565,2102.0
2020-03-17,DE-TH,19156.0,9.113221164024184,2102.0
2020-03-07,DE-TH,11772.0,5.600377925605173,2102.0
2020-03-19,DE-TH,29342.0,13.959079943349217,2102.0
2020-02-23,DE-TH,6839.0,3.2535664826039565,2102.0
2020-03-27,DE-TH,36072.0,17.16079107479016,2102.0
2020-03-04,DE-TH,11479.0,5.4609869357816665,2102.0
2020-02-27,DE-TH,9266.0,4.4081805860225565,2102.0
2020-03-01,DE-TH,11908.0,5.665078180267277,2102.0
2020-02-25,DE-TH,10534.0,5.011415313313361,2102.0
2020-03-18,DE-TH,28340.0,13.482391302382824,2102.0
2020-02-18,DE-TH,10384.0,4.940054738318391,2102.0
2020-03-26,DE-TH,34576.0,16.449088273507005,2102.0
2020-03-12,DE-TH,14502.0,6.899140390513611,2102.0
2020-03-21,DE-TH,16640.0,7.916266452775236,2102.0
2020-02-17,DE-TH,7698.0,3.6622247087418125,2102.0
2020-02-22,DE-TH,9904.0,4.711700898334493,2102.0
2020-02-19,DE-TH,8506.0,4.04662033938138,2102.0
2020-03-14,DE-TH,20090.0,9.557559677659523,2102.0
2020-02-20,DE-TH,7174.0,3.4129384334260537,2102.0
2020-03-23,DE-TH,35731.0,16.998564700968267,2102.0
2020-02-28,DE-TH,10486.0,4.988579929314971,2102.0
2020-03-02,DE-TH,16139.0,7.677922132292039,2102.0
2020-02-26,DE-TH,9370.0,4.457657251352401,2102.0
2020-03-06,DE-TH,10372.0,4.934345892318794,2102.0
2020-03-22,DE-TH,35067.0,16.68267522232387,2102.0
2020-03-08,DE-TH,11733.0,5.5818241761064815,2102.0
2020-03-15,DE-TH,22623.0,10.762601920741236,2102.0
2020-03-20,DE-TH,10733.0,5.106087009473353,2102.0
2020-03-13,DE-TH,17413.0,8.284011282582643,2102.0
2020-03-09,DE-TH,13777.0,6.554230944704592,2102.0
2020-03-11,DE-TH,11110.0,5.285439921294043,2102.0
2020-03-24,DE-TH,35734.0,16.999991912468165,2102.0
2020-03-05,DE-TH,11938.0,5.679350295266273,2102.0
2020-02-24,DE-TH,9193.0,4.3734517728583375,2102.0
2020-03-16,DE-TH,18832.0,8.95908232203505,2102.0
2020-02-21,DE-TH,9617.0,4.575164331510784,2102.0
2020-03-25,DE-TH,35734.0,16.999991912468165,2102.0
2020-02-10,DE-BW,21555.0,4.9815102885347144,4327.0
2020-02-11,DE-BW,18034.0,4.167782720641848,4327.0
2020-04-02,DE-BW,103263.0,23.86479688819115,4327.0
2020-03-31,DE-BW,92433.0,21.361908629094376,4327.0
2020-02-08,DE-BW,20134.0,4.653107313818508,4327.0
2020-02-15,DE-BW,26443.0,6.1111610558906735,4327.0
2020-03-29,DE-BW,41618.0,9.61820900896487,4327.0
2020-04-03,DE-BW,92040.0,21.271083598085603,4327.0
2020-04-01,DE-BW,102547.0,23.699324312612823,4327.0
2020-02-13,DE-BW,18470.0,4.268545350463288,4327.0
2020-02-12,DE-BW,16477.0,3.807949200843725,4327.0
2020-03-28,DE-BW,93209.0,21.54124762162061,4327.0
2020-03-30,DE-BW,88173.0,20.377393025793154,4327.0
2020-02-09,DE-BW,21865.0,5.053153442765555,4327.0
2020-02-16,DE-BW,25805.0,5.963714822344621,4327.0
2020-02-14,DE-BW,17029.0,3.935520236764447,4327.0
2020-04-04,DE-BW,103848.0,23.99999445343322,4327.0
2020-03-31,DE-BY,149937.0,17.836900090780382,8406.0
2020-02-15,DE-BY,42539.0,5.060551384659602,8406.0
2020-04-04,DE-BY,193165.0,22.97941672859663,8406.0
2020-02-14,DE-BY,31208.0,3.7125858062591237,8406.0
2020-03-30,DE-BY,157290.0,18.711632320767034,8406.0
2020-02-10,DE-BY,37580.0,4.470615694668607,8406.0
2020-03-28,DE-BY,178753.0,21.26492728230701,8406.0
2020-03-29,DE-BY,97122.0,11.553888704034177,8406.0
2020-02-09,DE-BY,39966.0,4.754460533611642,8406.0
2020-04-01,DE-BY,195533.0,23.261120240171277,8406.0
2020-02-11,DE-BY,36284.0,4.316440124144644,8406.0
2020-02-13,DE-BY,37136.0,4.41779628624836,8406.0
2020-04-03,DE-BY,153049.0,18.207111800248416,8406.0
2020-02-08,DE-BY,39409.0,4.68819834782318,8406.0
2020-02-16,DE-BY,42194.0,5.019509276765492,8406.0
2020-04-02,DE-BY,197369.0,23.47953563174689,8406.0
2020-02-12,DE-BY,34315.0,4.082202702569272,8406.0
2020-03-31,DE-BE,2222.0,15.538352878651198,143.0
2020-02-15,DE-BE,713.0,4.98597911902714,143.0
2020-04-03,DE-BE,2453.0,17.153726197718896,143.0
2020-03-30,DE-BE,1534.0,10.727197711904113,143.0
2020-02-14,DE-BE,92.0,0.6433521443905986,143.0
2020-02-11,DE-BE,320.0,2.237746589184691,143.0
2020-03-29,DE-BE,1165.0,8.146796176250515,143.0
2020-02-12,DE-BE,242.0,1.6922958580709224,143.0
2020-04-01,DE-BE,2526.0,17.664212138376655,143.0
2020-02-08,DE-BE,638.0,4.461507262186977,143.0
2020-02-16,DE-BE,661.0,4.622345298284627,143.0
2020-02-13,DE-BE,668.0,4.671296004923042,143.0
2020-03-28,DE-BE,2431.0,16.999881119712448,143.0
2020-02-09,DE-BE,564.0,3.9440283634380178,143.0
2020-02-10,DE-BE,392.0,2.7412395717512466,143.0
2020-04-04,DE-BE,2717.0,18.999867133796265,143.0
2020-04-02,DE-BE,2159.0,15.097796518905461,143.0
2020-03-29,DE-BB,28808.0,7.232737325448825,3983.0
2020-02-13,DE-BB,11064.0,2.7778049766997297,3983.0
2020-02-15,DE-BB,12260.0,3.078081075048688,3983.0
2020-02-14,DE-BB,656.0,0.16469993354257254,3983.0
2020-04-03,DE-BB,64260.0,16.133563611959925,3983.0
2020-02-11,DE-BB,3066.0,0.7697713357340357,3983.0
2020-03-28,DE-BB,68240.0,17.132810159977364,3983.0
2020-04-01,DE-BB,58721.0,14.742903654807016,3983.0
2020-02-08,DE-BB,16217.0,4.071553082713261,3983.0
2020-03-31,DE-BB,51447.0,12.916642501470625,3983.0
2020-02-16,DE-BB,8566.0,2.1506396809842627,3983.0
2020-04-04,DE-BB,71092.0,17.84885316373257,3983.0
2020-02-09,DE-BB,11521.0,2.8925425828414304,3983.0
2020-02-10,DE-BB,3907.0,0.9809186590713885,3983.0
2020-03-30,DE-BB,38029.0,9.547825873003797,3983.0
2020-02-12,DE-BB,5736.0,1.440120150610055,3983.0
2020-04-02,DE-BB,44428.0,11.15440342595947,3983.0
2020-04-01,DE-HB,759.0,9.730644478916936,78.0
2020-02-10,DE-HB,172.0,2.205099934616223,78.0
2020-04-03,DE-HB,1320.0,16.922859963333803,78.0
2020-02-13,DE-HB,140.0,1.7948487839899487,78.0
2020-02-14,DE-HB,66.0,0.8461429981666901,78.0
2020-02-16,DE-HB,166.0,2.128177843873796,78.0
2020-03-30,DE-HB,876.0,11.23062524839425,78.0
2020-04-02,DE-HB,993.0,12.730606017871565,78.0
2020-03-31,DE-HB,1371.0,17.576697734644426,78.0
2020-02-09,DE-HB,196.0,2.5127882975859284,78.0
2020-02-15,DE-HB,291.0,3.730721401007679,78.0
2020-03-29,DE-HB,896.0,11.487032217535672,78.0
2020-04-04,DE-HB,1366.0,17.51259599235907,78.0
2020-02-12,DE-HB,256.0,3.282009205010192,78.0
2020-02-11,DE-HB,124.0,1.5897232086768118,78.0
2020-03-28,DE-HB,1244.0,15.948513480596402,78.0
2020-02-08,DE-HB,241.0,3.0897039781541262,78.0
2020-04-03,DE-HH,2020.0,15.302914371860819,132.0
2020-04-02,DE-HH,1602.0,12.136271694911402,132.0
2020-02-10,DE-HH,159.0,1.2045363292702327,132.0
2020-03-29,DE-HH,1475.0,11.174157771532034,132.0
2020-02-13,DE-HH,428.0,3.242399678790312,132.0
2020-04-01,DE-HH,1339.0,10.143862546495859,132.0
2020-02-11,DE-HH,242.0,1.8333194445496623,132.0
2020-02-08,DE-HH,284.0,2.151498852281422,132.0
2020-02-16,DE-HH,22.0,0.16666540404996932,132.0
2020-04-04,DE-HH,2176.0,16.484723600578782,132.0
2020-02-09,DE-HH,297.0,2.2499829546745858,132.0
2020-02-14,DE-HH,192.0,1.4545344353451868,132.0
2020-03-31,DE-HH,2072.0,15.696850781433474,132.0
2020-03-28,DE-HH,2110.0,15.984727388428874,132.0
2020-03-30,DE-HH,1538.0,11.651426883129673,132.0
2020-02-12,DE-HH,254.0,1.9242278467587366,132.0
2020-02-15,DE-HH,408.0,3.0908856751085216,132.0
2020-02-13,DE-HE,7084.0,2.6246748333920586,2699.0
2020-02-14,DE-HE,7102.0,2.6313439676383963,2699.0
2020-03-31,DE-HE,50654.0,18.76768478411086,2699.0
2020-03-28,DE-HE,49564.0,18.363831654749294,2699.0
2020-04-04,DE-HE,60472.0,22.405327008030007,2699.0
2020-02-10,DE-HE,10194.0,3.7769530281759804,2699.0
2020-03-29,DE-HE,23851.0,8.83697338385573,2699.0
2020-02-11,DE-HE,11462.0,4.246756485084666,2699.0
2020-03-30,DE-HE,47044.0,17.430152860261998,2699.0
2020-04-03,DE-HE,29457.0,10.914038194131829,2699.0
2020-04-01,DE-HE,55759.0,20.65912535786389,2699.0
2020-02-16,DE-HE,11262.0,4.172654993458691,2699.0
2020-02-09,DE-HE,5293.0,1.9610959758814464,2699.0
2020-02-08,DE-HE,6786.0,2.514263610869355,2699.0
2020-04-02,DE-HE,56223.0,20.831040818436154,2699.0
2020-02-12,DE-HE,11416.0,4.2297131420106915,2699.0
2020-02-15,DE-HE,11373.0,4.213781321311107,2699.0
2020-02-09,DE-NI,10474.0,1.652832309794491,6337.0
2020-02-11,DE-NI,10887.0,1.7180050942078122,6337.0
2020-04-02,DE-NI,72635.0,11.462046479083718,6337.0
2020-03-28,DE-NI,104489.0,16.48871445657023,6337.0
2020-03-31,DE-NI,105469.0,16.643361741618786,6337.0
2020-02-13,DE-NI,12279.0,1.9376673603176013,6337.0
2020-03-29,DE-NI,59713.0,9.422911563372011,6337.0
2020-02-16,DE-NI,10864.0,1.7143756171097337,6337.0
2020-03-30,DE-NI,62471.0,9.85813320843724,6337.0
2020-04-01,DE-NI,81756.0,12.901370853499945,6337.0
2020-02-08,DE-NI,14743.0,2.3264948198682625,6337.0
2020-02-12,DE-NI,19047.0,3.005680447265197,6337.0
2020-02-15,DE-NI,19581.0,3.089947437281452,6337.0
2020-04-03,DE-NI,87142.0,13.751299707858653,6337.0
2020-04-04,DE-NI,117985.0,18.618428496381807,6337.0
2020-02-10,DE-NI,14196.0,2.2401763862748325,6337.0
2020-02-14,DE-NI,7049.0,1.1123558288849884,6337.0
2020-02-15,DE-MV,8899.0,2.712282013934162,3281.0
2020-03-30,DE-MV,32921.0,10.033828090878362,3281.0
2020-02-10,DE-MV,1616.0,0.49253261428448203,3281.0
2020-03-29,DE-MV,31694.0,9.659856854661122,3281.0
2020-03-31,DE-MV,42324.0,12.899721761742834,3281.0
2020-02-12,DE-MV,618.0,0.18835715075978335,3281.0
2020-04-04,DE-MV,54906.0,16.734527054395897,3281.0
2020-02-09,DE-MV,2030.0,0.6187136181915214,3281.0
2020-04-02,DE-MV,32570.0,9.926848544087612,3281.0
2020-02-08,DE-MV,9497.0,2.8945434640221075,3281.0
2020-02-11,DE-MV,445.0,0.1356293399483877,3281.0
2020-03-28,DE-MV,50883.0,15.508376864255755,3281.0
2020-02-14,DE-MV,3828.0,1.166717108589726,3281.0
2020-04-01,DE-MV,21785.0,6.63974195679916,3281.0
2020-02-13,DE-MV,6633.0,2.0216391278149564,3281.0
2020-02-16,DE-MV,693.0,0.21121602827917454,3281.0
2020-04-03,DE-MV,49927.0,15.217002372141916,3281.0
2020-02-15,DE-NW,20620.0,4.647283153643643,4437.0
2020-02-10,DE-NW,14995.0,3.3795349606637455,4437.0
2020-02-11,DE-NW,14471.0,3.2614371734421512,4437.0
2020-02-09,DE-NW,15540.0,3.5023656744724643,4437.0
2020-02-14,DE-NW,6678.0,1.5050706547057346,4437.0
2020-02-16,DE-NW,16373.0,3.690105095761754,4437.0
2020-03-29,DE-NW,39173.0,8.828711104640274,4437.0
2020-03-31,DE-NW,81851.0,18.447370194417353,4437.0
2020-04-02,DE-NW,65231.0,14.70159686689275,4437.0
2020-04-01,DE-NW,81892.0,18.456610670135074,4437.0
2020-04-03,DE-NW,53248.0,12.00089880529664,4437.0
2020-02-12,DE-NW,15571.0,3.509352375624887,4437.0
2020-04-04,DE-NW,89828.0,20.245206165155246,4437.0
2020-03-28,DE-NW,79241.0,17.859135032874683,4437.0
2020-02-13,DE-NW,12855.0,2.89722720369006,4437.0
2020-02-08,DE-NW,14250.0,3.2116287555490746,4437.0
2020-03-30,DE-NW,60738.0,13.68897595470454,4437.0
2020-02-12,DE-RP,9420.0,3.7366109731808907,2521.0
2020-02-11,DE-RP,11071.0,4.391509563066417,2521.0
2020-04-03,DE-RP,33237.0,13.184048717156399,2521.0
2020-04-01,DE-RP,53429.0,21.193565571770893,2521.0
2020-04-04,DE-RP,58372.0,23.15429466311199,2521.0
2020-03-31,DE-RP,47762.0,18.94564897038914,2521.0
2020-02-13,DE-RP,9360.0,3.712810903288019,2521.0
2020-02-08,DE-RP,8479.0,3.3633465436943495,2521.0
2020-03-30,DE-RP,48737.0,19.33240010614831,2521.0
2020-04-02,DE-RP,55056.0,21.838944133699272,2521.0
2020-03-29,DE-RP,26517.0,10.518440889154745,2521.0
2020-02-16,DE-RP,13984.0,5.547002956365348,2521.0
2020-03-28,DE-RP,48178.0,19.110662788313054,2521.0
2020-02-10,DE-RP,10579.0,4.196348989944867,2521.0
2020-02-14,DE-RP,8131.0,3.2253061383156925,2521.0
2020-02-09,DE-RP,9223.0,3.6584674103659616,2521.0
2020-02-15,DE-RP,13634.0,5.408169215323595,2521.0
2020-02-13,DE-SL,1477.0,4.0135760500650814,368.0
2020-02-14,DE-SL,1302.0,3.5380338640384132,368.0
2020-02-16,DE-SL,2236.0,6.076070445460746,368.0
2020-02-12,DE-SL,1102.0,2.994557080007935,368.0
2020-04-04,DE-SL,8639.0,23.475479686196508,368.0
2020-02-11,DE-SL,1604.0,4.358683807924435,368.0
2020-03-29,DE-SL,4542.0,12.34235776533216,368.0
2020-03-30,DE-SL,7456.0,20.260814508656228,368.0
2020-02-15,DE-SL,1908.0,5.1847685196507625,368.0
2020-03-31,DE-SL,7060.0,19.18473047627588,368.0
2020-04-01,DE-SL,7990.0,21.711897522017605,368.0
2020-04-03,DE-SL,4942.0,13.429311333393116,368.0
2020-02-10,DE-SL,1242.0,3.3749908288292696,368.0
2020-03-28,DE-SL,7100.0,19.293425833081976,368.0
2020-04-02,DE-SL,8406.0,22.842329232801,368.0
2020-02-09,DE-SL,1472.0,3.9999891304643196,368.0
2020-02-08,DE-SL,1589.0,4.317923049122149,368.0
2020-02-15,DE-SN,9216.0,3.911713110478306,2356.0
2020-02-14,DE-SN,3128.0,1.3276734602404667,2356.0
2020-04-01,DE-SN,46476.0,19.726646975107393,2356.0
2020-03-31,DE-SN,33229.0,14.10398382683199,2356.0
2020-03-28,DE-SN,42109.0,17.87308239682411,2356.0
2020-02-11,DE-SN,8484.0,3.601017147276253,2356.0
2020-04-03,DE-SN,27332.0,11.601013751691955,2356.0
2020-03-29,DE-SN,17386.0,7.379453574085919,2356.0
2020-02-16,DE-SN,9910.0,4.206280048268231,2356.0
2020-02-12,DE-SN,9605.0,4.076823396934041,2356.0
2020-03-30,DE-SN,41637.0,17.672742923283987,2356.0
2020-02-10,DE-SN,4097.0,1.7389636082497417,2356.0
2020-04-02,DE-SN,46041.0,19.54201207894224,2356.0
2020-02-09,DE-SN,10012.0,4.249573748058681,2356.0
2020-04-04,DE-SN,39328.0,16.692692405478603,2356.0
2020-02-13,DE-SN,8753.0,3.7151936692726357,2356.0
2020-02-08,DE-SN,11669.0,4.952884145634912,2356.0
2020-04-04,DE-ST,52294.0,19.232799105259613,2719.0
2020-04-03,DE-ST,37059.0,13.62963823845596,2719.0
2020-03-29,DE-ST,17706.0,6.511950528889103,2719.0
2020-02-13,DE-ST,5719.0,2.10334604510995,2719.0
2020-02-08,DE-ST,10833.0,3.984183896953329,2719.0
2020-04-01,DE-ST,47900.0,17.616764392510337,2719.0
2020-04-02,DE-ST,35018.0,12.878994895551712,2719.0
2020-03-30,DE-ST,26658.0,9.804336224959092,2719.0
2020-02-12,DE-ST,9044.0,3.326221652732014,2719.0
2020-02-11,DE-ST,5330.0,1.9602787935716095,2719.0
2020-03-28,DE-ST,46238.0,17.00551047976812,2719.0
2020-02-10,DE-ST,5133.0,1.8878257124583624,2719.0
2020-02-15,DE-ST,9128.0,3.357115352292993,2719.0
2020-02-14,DE-ST,4407.0,1.6208158805384771,2719.0
2020-02-09,DE-ST,7096.0,2.6097820486274186,2719.0
2020-02-16,DE-ST,5079.0,1.8679654770263048,2719.0
2020-03-31,DE-ST,35154.0,12.929013266269486,2719.0
2020-04-04,DE-SH,27043.0,12.083551347832284,2238.0
2020-02-15,DE-SH,2210.0,0.9874883880748936,2238.0
2020-04-03,DE-SH,36095.0,16.12823229301506,2238.0
2020-03-30,DE-SH,27998.0,12.510271443131614,2238.0
2020-02-08,DE-SH,782.0,0.34941896808803924,2238.0
2020-03-29,DE-SH,29493.0,13.17827829388816,2238.0
2020-03-28,DE-SH,32923.0,14.71089601836639,2238.0
2020-02-12,DE-SH,1307.0,0.5840033136714415,2238.0
2020-04-01,DE-SH,17680.0,7.899907104599149,2238.0
2020-02-10,DE-SH,636.0,0.2841821786496074,2238.0
2020-02-16,DE-SH,144.0,0.06434313478859034,2238.0
2020-02-11,DE-SH,705.0,0.31501326406914026,2238.0
2020-02-14,DE-SH,2215.0,0.9897225246994974,2238.0
2020-02-13,DE-SH,3415.0,1.5259153146044169,2238.0
2020-04-02,DE-SH,21622.0,9.66130041943681,2238.0
2020-03-31,DE-SH,35575.0,15.895882084056261,2238.0
2020-02-09,DE-SH,335.0,0.1496871538484567,2238.0
2020-02-12,DE-TH,9389.0,4.466696257518431,2102.0
2020-02-11,DE-TH,9312.0,4.43006449568768,2102.0
2020-02-14,DE-TH,4482.0,2.132253980849676,2102.0
2020-03-31,DE-TH,33991.0,16.170782031026626,2102.0
2020-04-01,DE-TH,43474.0,20.68219758220857,2102.0
2020-04-03,DE-TH,20915.0,9.950042840131854,2102.0
2020-03-30,DE-TH,35647.0,16.958602778971084,2102.0
2020-03-28,DE-TH,36924.0,17.566119140761586,2102.0
2020-02-09,DE-TH,5885.0,2.799713225635953,2102.0
2020-02-08,DE-TH,8764.0,4.169360528372726,2102.0
2020-02-16,DE-TH,8383.0,3.988104667885505,2102.0
2020-02-15,DE-TH,7901.0,3.7587993535683375,2102.0
2020-04-04,DE-TH,38893.0,18.502845621862214,2102.0
2020-04-02,DE-TH,44585.0,21.210741574337973,2102.0
2020-02-10,DE-TH,6145.0,2.923404888960566,2102.0
2020-03-29,DE-TH,14548.0,6.9210243001787335,2102.0
2020-02-13,DE-TH,6325.0,3.0090375789545294,2102.0
