date,iso3166-2_code,WindSpeed_data_agg_Mean,WindSpeed_data_avg_Mean,WindSpeed_data_points,RelativeHumiditySurface_data_agg_Mean,RelativeHumiditySurface_data_avg_Mean,RelativeHumiditySurface_data_points,TemperatureAboveGround_data_agg_Mean,TemperatureAboveGround_data_avg_Mean,TemperatureAboveGround_data_points,UVIndex_data_agg_Sum,UVIndex_data_avg_Sum,UVIndex_data_points
2020-04-20,DK-81,2928.754180312157,2.2339831779778634,1311.0,88801.27850341797,67.73547732108364,1311.0,369634.1832885742,281.9480559424244,1311.0,27481.0,20.961845185472782,1311.0
2020-03-06,DK-81,4595.5541331768045,3.5053780532408463,1311.0,118055.91360473633,90.05020866096693,1311.0,361132.7431640625,275.46336209054186,1311.0,6054.0,4.6178454478676985,1311.0
2020-02-16,DK-81,14368.320788383484,10.95980917511389,1311.0,116910.2273788452,89.17630679064716,1311.0,368575.5453796387,281.14055243256007,1311.0,5.0,0.0038138796232802265,1311.0
2020-03-27,DK-81,2710.604168772697,2.0675836012121254,1311.0,85165.81583786012,64.96243392481021,1311.0,363773.1747741699,277.47741975343257,1311.0,15347.0,11.706322115696327,1311.0
2020-03-19,DK-81,7751.200021743774,5.912428763779566,1311.0,105492.31894683838,80.4670011287851,1311.0,365292.27255249023,278.63615096593384,1311.0,12886.0,9.8291305651178,1311.0
2020-02-11,DK-81,10123.295844078064,7.7218063480333425,1311.0,115452.049659729,88.06404393263544,1311.0,362452.50311279297,276.4700432057588,1311.0,,,
2020-02-17,DK-81,15131.89998626709,11.542249003827676,1311.0,108112.39378356934,82.46553113504058,1311.0,366432.9561462402,279.50623694889646,1311.0,12.0,0.009153311095872543,1311.0
2020-02-12,DK-81,10603.012526035307,8.087722683686213,1311.0,107061.00414276123,81.66355642959941,1311.0,363665.7012939453,277.3954415701783,1311.0,2310.0,1.7620123859554646,1311.0
2020-04-27,DK-81,5238.74999642372,3.995992372563958,1311.0,108372.92958068848,82.66426156859413,1311.0,368006.8471069336,280.70676308174717,1311.0,18528.0,14.132712332027207,1311.0
2020-03-30,DK-81,6175.904146432878,4.710830995882441,1311.0,74039.4910736084,56.47554126473466,1311.0,362838.467376709,276.7644474540515,1311.0,17103.0,13.045756639392344,1311.0
2020-04-15,DK-81,12817.18753004074,9.77664206971676,1311.0,102497.86138153076,78.18290099056428,1311.0,368555.9573364258,281.1256111447861,1311.0,21659.0,16.520963752125283,1311.0
2020-03-23,DK-81,6707.112500190735,5.1160239391051086,1311.0,77392.93370437622,59.03346656819959,1311.0,361709.1201171875,275.90300855391223,1311.0,13126.0,10.012196787035249,1311.0
2020-04-19,DK-81,3147.24165570736,2.400640164048204,1311.0,84983.87553405763,64.82365424134507,1311.0,368326.2420349121,280.9503898432664,1311.0,26723.0,20.383661034583497,1311.0
2020-04-11,DK-81,5687.3124601840955,4.338145020624773,1311.0,116190.76083374025,88.62751503144561,1311.0,364940.7748718262,278.36803699755086,1311.0,10855.0,8.279932662141372,1311.0
2020-02-09,DK-81,15104.304070472715,11.521199503640895,1311.0,118671.30200195312,90.51961211467659,1311.0,366252.8738098145,279.3688744782151,1311.0,,,
2020-03-04,DK-81,3105.266674518585,2.3686226589595165,1311.0,118534.90528869627,90.41557198560206,1311.0,362867.9382019043,276.78692708999023,1311.0,6555.0,4.999996186120377,1311.0
2020-02-27,DK-81,3699.2666662931438,2.8217115519310383,1311.0,114134.69399261475,87.05919674555149,1311.0,358544.75595092773,273.489307751045,1311.0,3859.0,2.9435522932476785,1311.0
2020-04-02,DK-81,14946.816550254822,11.401071814784904,1311.0,98189.36660003662,74.89648489973435,1311.0,365324.884765625,278.66102677696284,1311.0,12705.0,9.691068122755057,1311.0
2020-04-10,DK-81,3946.9000010490417,3.0106002978251287,1311.0,94367.02350616457,71.98089361195342,1311.0,364670.2871398926,278.1617154677171,1311.0,22948.0,17.50418191900693,1311.0
2020-03-07,DK-81,3967.1166412830353,3.026021064273052,1311.0,112008.37239837646,85.43728982539027,1311.0,362404.6075439453,276.4335096189441,1311.0,6984.0,5.3272270577978205,1311.0
2020-04-07,DK-81,6318.4916594028455,4.819593317932516,1311.0,95778.22897338867,73.05732716709497,1311.0,369631.24572753906,281.9458152415895,1311.0,21203.0,16.173137930482127,1311.0
2020-03-08,DK-81,10841.941679000854,8.269972089266792,1311.0,119453.03378295898,91.11589829676636,1311.0,366588.6853027344,279.6250234002372,1311.0,2726.0,2.0793271706123795,1311.0
2020-02-21,DK-81,12371.954084873201,9.437028716891293,1311.0,112056.06449890137,85.47366821146694,1311.0,365544.9573364258,278.8288928356468,1311.0,3247.0,2.476733427358179,1311.0
2020-03-02,DK-81,5690.54998922348,4.340614529831389,1311.0,113806.35427856445,86.80874711656547,1311.0,363704.6310729981,277.4251362683919,1311.0,6555.0,4.999996186120377,1311.0
2020-02-07,DK-81,4664.545793533325,3.5580032307628486,1311.0,125277.65258026125,95.55877728564757,1311.0,363656.03924560547,277.3880715923218,1311.0,,,
2020-02-03,DK-81,5128.858319044113,3.912169646738724,1311.0,119560.14463043213,91.19759987248837,1311.0,362691.5076599121,276.65235012018456,1311.0,,,
2020-05-01,DK-81,3507.7458007335663,2.675624046612906,1311.0,112198.94033813477,85.5826504618492,1311.0,368747.0629882813,281.2713819350872,1311.0,22888.0,17.458415363527564,1311.0
2020-04-24,DK-81,6179.7624809741965,4.71377404057983,1311.0,94286.22136688232,71.91925968544824,1311.0,370446.0445861816,282.5673241943993,1311.0,30329.0,23.1342310188932,1311.0
2020-02-28,DK-81,5648.995839357375,4.308918024743975,1311.0,113502.1961517334,86.57674262013028,1311.0,362495.259765625,276.5026569511579,1311.0,5940.0,4.530888992456911,1311.0
2020-03-14,DK-81,5645.875042200089,4.306537555806662,1311.0,89622.33432388307,68.36175893373313,1311.0,360895.81951904297,275.28264243813925,1311.0,9875.0,7.532412255978447,1311.0
2020-02-06,DK-81,9011.500045776369,6.873755279955063,1311.0,118137.26274108887,90.11225982366823,1311.0,366342.09243774414,279.4369282996307,1311.0,,,
2020-04-26,DK-81,5492.583315134049,4.1896103169517405,1311.0,94478.73828125,72.06610695281697,1311.0,368950.0746154785,281.42623431673854,1311.0,28784.0,21.955742215299612,1311.0
2020-02-25,DK-81,7727.379172325134,5.89425879333817,1311.0,123031.80657958984,93.84570002585035,1311.0,361689.39453125,275.88796235185936,1311.0,2518.0,1.9206697782839213,1311.0
2020-02-18,DK-81,10614.245820999146,8.096291170639187,1311.0,111864.91765594482,85.32786600158569,1311.0,364935.0336303711,278.3636577167913,1311.0,3471.0,2.647595234481133,1311.0
2020-04-29,DK-81,6837.787493467332,5.215699677931085,1311.0,105919.17589569092,80.79259733264196,1311.0,367323.9097290039,280.18583489181464,1311.0,18007.0,13.735306075281407,1311.0
2020-04-09,DK-81,7675.512503623962,5.854696147160804,1311.0,89749.36610412598,68.45865571736861,1311.0,367260.93759155273,280.1378012614428,1311.0,22610.0,17.246363656473182,1311.0
2020-04-01,DK-81,11106.612547397617,8.47185665563765,1311.0,105781.6674194336,80.68770917751672,1311.0,366451.4737548828,279.52036173495117,1311.0,15847.0,12.08771007802435,1311.0
2020-03-16,DK-81,5882.016625642777,4.4866606704669,1311.0,112188.13388061523,85.57440755622248,1311.0,366611.9526062012,279.64277113915335,1311.0,9666.0,7.3729920877253345,1311.0
2020-03-25,DK-81,7169.504177570343,5.4687251783715976,1311.0,69177.02102279662,52.76656617561439,1311.0,365246.0610656738,278.60090195634774,1311.0,14128.0,10.776498263540606,1311.0
2020-04-13,DK-81,9600.15415763855,7.322766464433322,1311.0,60524.70899581909,46.166790868823966,1311.0,364658.1624145508,278.1524670191333,1311.0,24695.0,18.836751459381038,1311.0
2020-02-10,DK-81,13206.53334903717,10.073625686812726,1311.0,107807.32396697998,82.232831223607,1311.0,365015.8980102539,278.4253391189281,1311.0,86.0,0.0655987295204199,1311.0
2020-04-17,DK-81,3873.762491941452,2.954812766688548,1311.0,77902.01622009277,59.4217824548515,1311.0,366404.1798400879,279.4842870753629,1311.0,25246.0,19.25704099386652,1311.0
2020-04-23,DK-81,4909.67502427101,3.744981906399013,1311.0,78971.40849685669,60.237489137580134,1311.0,373412.6000671387,284.8301412944297,1311.0,29853.0,22.771149678756924,1311.0
2020-04-04,DK-81,5212.425020456314,3.975912314678871,1311.0,103947.68814086914,79.2887939375097,1311.0,365098.4578552246,278.4883137810151,1311.0,15138.0,11.546901947443216,1311.0
2020-02-19,DK-81,5750.295871019362,4.386187250062633,1311.0,116262.76753234865,88.68244000755806,1311.0,363983.9878234863,277.6382228720545,1311.0,4963.0,3.7856569140679532,1311.0
2020-04-18,DK-81,3849.745860099793,2.936493458128401,1311.0,74455.89979553223,56.79316781263496,1311.0,366186.9247436523,279.31857011829305,1311.0,25928.0,19.777254174481946,1311.0
2020-02-02,DK-81,9252.595806121826,7.057657321483222,1311.0,98198.12578582764,74.90316619577531,1311.0,363962.5311889648,277.6218562678173,1311.0,,,
2020-03-28,DK-81,7714.570851325989,5.884488914444756,1311.0,84022.00762939452,64.08996456096871,1311.0,365367.5690612793,278.69358533004885,1311.0,15968.0,12.180005964907732,1311.0
2020-03-09,DK-81,4719.925024747849,3.600245175059248,1311.0,117929.39115905762,89.95370038547462,1311.0,366346.9527282715,279.4406356122318,1311.0,6288.0,4.796335014237212,1311.0
2020-04-03,DK-81,12284.979112148283,9.370686301649108,1311.0,85252.79136657715,65.0287767641498,1311.0,363597.0854797363,277.343103079049,1311.0,19081.0,14.554527418362,1311.0
2020-03-11,DK-81,12286.66669225693,9.371973547126911,1311.0,103792.75104522704,79.17061165111777,1311.0,366894.1517028809,279.8580258160603,1311.0,7866.0,5.999995423344452,1311.0
2020-02-08,DK-81,7305.916651248932,5.572777329116403,1311.0,117891.58031463625,89.92485918365908,1311.0,363754.02459716797,277.4628124594626,1311.0,,,
2020-03-18,DK-81,9491.683309078217,7.240027512624488,1311.0,110980.9993057251,84.65363436467636,1311.0,366979.1109924317,279.9228307167055,1311.0,8077.0,6.16094114344688,1311.0
2020-03-13,DK-81,6569.033351421356,5.010700488726825,1311.0,100408.37517547607,76.58909121768488,1311.0,362069.8304138184,276.1781496839578,1311.0,8094.0,6.173908334166031,1311.0
2020-04-16,DK-81,8725.479168415071,6.655585440754867,1311.0,94083.79081726074,71.764850535782,1311.0,368454.0852050781,281.0479055356008,1311.0,24981.0,19.054905373832668,1311.0
2020-02-01,DK-81,11546.41663217545,8.807328623071566,1311.0,119950.96420288086,91.49570763323663,1311.0,368117.42053222656,280.7911058284674,1311.0,,,
2020-02-23,DK-81,12438.516664028171,9.487801049753713,1311.0,99226.9704284668,75.68794411939182,1311.0,364972.1351013184,278.39195782559915,1311.0,5276.0,4.0244057784852965,1311.0
2020-04-08,DK-81,5817.73334980011,4.437626935296089,1311.0,89403.00864028929,68.19446258262909,1311.0,370189.91806030273,282.37195704679306,1311.0,22109.0,16.864212918220506,1311.0
2020-02-26,DK-81,5679.5374886989575,4.332214459561022,1311.0,102327.01161956787,78.05258090540578,1311.0,359216.00701904297,274.00132190520293,1311.0,4010.0,3.0587314578707416,1311.0
2020-03-26,DK-81,3555.9083354473114,2.7123612685629617,1311.0,83360.44997406006,63.585344308707676,1311.0,364004.395111084,277.6537890597216,1311.0,14753.0,11.253233216450637,1311.0
2020-04-25,DK-81,4283.449977636337,3.267312517409473,1311.0,84702.12509155272,64.60874178704115,1311.0,369900.8592529297,282.1514699477192,1311.0,30692.0,23.411118679543343,1311.0
2020-04-14,DK-81,8123.391691207886,6.196327608604331,1311.0,82664.77097702026,63.054697118476845,1311.0,365065.120513916,278.4628848596729,1311.0,24909.0,18.99998550725743,1311.0
2020-03-05,DK-81,2888.895822882653,2.203580182534302,1311.0,113756.3673171997,86.77061826588974,1311.0,362266.9570922852,276.3285131683997,1311.0,6980.0,5.324175954099196,1311.0
2020-03-03,DK-81,4943.216666460037,3.770566663534229,1311.0,122769.57162475586,93.64567351569971,1311.0,363091.2998352051,276.95730196636396,1311.0,1858.0,1.4172376680109322,1311.0
2020-03-10,DK-81,8532.870855808258,6.5086684570097635,1311.0,122156.44718170165,93.17799695171983,1311.0,365569.7116394043,278.84777482199047,1311.0,4438.0,3.385199553623529,1311.0
2020-04-22,DK-81,2405.229160904885,1.8346508972189068,1311.0,78358.29161453247,59.769818340743036,1311.0,373437.4424438477,284.84909046129457,1311.0,28671.0,21.869548535813475,1311.0
2020-03-21,DK-81,3084.350019931793,2.3526679384163653,1311.0,86457.00417709349,65.94732130417407,1311.0,361526.5881347656,275.7637775522411,1311.0,13110.0,9.999992372240754,1311.0
2020-02-24,DK-81,6692.508321046827,5.104884222854771,1311.0,105049.15944671632,80.12896973130938,1311.0,363374.9425964356,277.1736578358335,1311.0,5161.0,3.9366865471498502,1311.0
2020-04-30,DK-81,8864.808344364166,6.761862381771003,1311.0,120966.95188140868,92.27067857416485,1311.0,366403.1126098633,279.4834730178416,1311.0,16223.0,12.374513825695026,1311.0
2020-03-12,DK-81,12735.895857810974,9.714634739264863,1311.0,113010.7479095459,86.2018777327751,1311.0,364505.33184814453,278.03589154252705,1311.0,6827.0,5.207471237626821,1311.0
2020-03-24,DK-81,8353.954157829285,6.372195107272447,1311.0,70492.2208404541,53.76976893263553,1311.0,363868.0981445313,277.54982501503144,1311.0,13498.0,10.295949431007301,1311.0
2020-03-17,DK-81,8965.579202651978,6.838727966379873,1311.0,115021.93102264404,87.73595979152117,1311.0,366598.8623046875,279.63278617231225,1311.0,5652.0,4.311209526155968,1311.0
2020-02-04,DK-81,6928.179154872894,5.284648261040911,1311.0,108596.55819702148,82.8348400931971,1311.0,361661.6715698242,275.8668159443236,1311.0,,,
2020-02-15,DK-81,9739.22917318344,7.42884953801213,1311.0,125039.9628829956,95.37747330703456,1311.0,366816.40142822266,279.7987197784156,1311.0,,,
2020-02-05,DK-81,8239.054204463959,6.284552189101274,1311.0,109437.97522735596,83.47665274653181,1311.0,363209.9652404785,277.0478170805961,1311.0,,,
2020-02-29,DK-81,9426.491651058195,7.190300885398407,1311.0,120888.79810333252,92.21106475382744,1311.0,363346.4638061523,277.15193490024217,1311.0,628.0,0.4790232806839964,1311.0
2020-03-22,DK-81,5276.804172515869,4.02501918191967,1311.0,83294.81355285645,63.53527842683298,1311.0,361137.4352416992,275.4669410943998,1311.0,13083.0,9.979397422275039,1311.0
2020-03-01,DK-81,10978.404127597807,8.374062359676161,1311.0,109901.88254547119,83.83051008006187,1311.0,364218.1050720215,277.81680187278386,1311.0,5142.0,3.9221938045813847,1311.0
2020-03-20,DK-81,5867.979120492934,4.475953199496367,1311.0,86070.65012741089,65.65261973668281,1311.0,363015.6871948242,276.8996264646817,1311.0,13110.0,9.999992372240754,1311.0
2020-04-06,DK-81,6988.804187297821,5.330891576206137,1311.0,84786.44172668457,64.67305648636773,1311.0,371483.6688842773,283.35879902782483,1311.0,20443.0,15.593428227743535,1311.0
2020-04-05,DK-81,6652.466716766357,5.074341451125023,1311.0,85761.69492721558,65.41695614817652,1311.0,369734.5118713379,282.0245841699113,1311.0,19861.0,15.149492639593715,1311.0
2020-04-21,DK-81,3482.162497997284,2.6561097192124827,1311.0,82866.20779800415,63.208348275862605,1311.0,372430.3073120117,284.0808720298548,1311.0,27807.0,21.210510136910653,1311.0
2020-02-20,DK-81,10316.045775413511,7.868831355135133,1311.0,122838.84545898438,93.69851392865786,1311.0,364653.125793457,278.14862520582136,1311.0,29.0,0.022120501815025312,1311.0
2020-03-15,DK-81,11729.637491226196,8.947085083250277,1311.0,112118.93874359132,85.52162717159736,1311.0,366378.35119628906,279.4645856077067,1311.0,5277.0,4.025168554409951,1311.0
2020-03-31,DK-81,8568.90003156662,6.536150644863444,1311.0,99020.10823059082,75.5301546151306,1311.0,363401.63049316406,277.19401472093773,1311.0,13906.0,10.607162008266966,1311.0
2020-02-13,DK-81,4437.2791659832,3.3846497187898414,1311.0,113195.38600921632,86.34271522997793,1311.0,362223.2863464356,276.29520217485384,1311.0,2716.0,2.071699411365819,1311.0
2020-02-22,DK-81,16290.629120826721,12.4260996908673,1311.0,106569.50901794434,81.28865578130325,1311.0,366440.0210876465,279.5116259161103,1311.0,3884.0,2.96262169136408,1311.0
2020-03-29,DK-81,9448.700000286102,7.207240879515807,1311.0,65450.183689117424,49.92382438237456,1311.0,361921.1831665039,276.06476514243997,1311.0,16818.0,12.828365500865367,1311.0
2020-04-12,DK-81,10135.083374500276,7.730797592450559,1311.0,103954.54901123047,79.2940272442435,1311.0,368154.0092468262,280.8190148190781,1311.0,22180.0,16.918370008871086,1311.0
2020-02-14,DK-81,4466.741663455963,3.4071230025423036,1311.0,117314.04431915285,89.48432863068207,1311.0,362275.3043518066,276.33488025699955,1311.0,136.0,0.10373752575322216,1311.0
2020-04-28,DK-81,4380.145833253861,3.3410697880885367,1311.0,103679.18698120117,79.08398771717273,1311.0,367323.64471435547,280.18563274502117,1311.0,28487.0,21.729197765676762,1311.0
2020-04-04,DK-82,7000.6125123500815,3.491575571458609,2005.0,165379.15196228027,82.48332642341838,2005.0,558368.7485351561,278.48801498610544,2005.0,26873.0,13.402985833922276,2005.0
2020-02-28,DK-82,9717.895855903624,4.846828433453961,2005.0,169476.1569519043,84.5267194140573,2005.0,555588.315826416,277.1012661970821,2005.0,10025.0,4.999997506235657,2005.0
2020-03-25,DK-82,8719.62082362175,4.3489358975989285,2005.0,104253.25452041627,51.996609737559346,2005.0,557755.5616149902,278.18218625077503,2005.0,23673.0,11.806976654874484,2005.0
2020-02-04,DK-82,9994.504123210909,4.984787600211126,2005.0,168872.99476623535,84.22589054381288,2005.0,553708.1552124022,276.1635306976916,2005.0,3.0,0.0014962586053573039,2005.0
2020-04-07,DK-82,7105.125036954879,3.543701492894457,2005.0,138768.34886550903,69.21111204708079,2005.0,566566.657562256,282.57674562868334,2005.0,34749.0,17.331163425853653,2005.0
2020-02-13,DK-82,7621.204177618029,3.801097444648669,2005.0,175941.4440612793,87.75129990522663,2005.0,554838.3244628906,276.7272058532093,2005.0,5995.0,2.990023446372346,2005.0
2020-04-13,DK-82,14685.216606140137,7.324293906157721,2005.0,105124.97100830078,52.43138083636904,2005.0,557156.803375244,277.8835538611922,2005.0,37416.0,18.661337326016298,2005.0
2020-03-28,DK-82,9808.758356094359,4.8921463660588485,2005.0,134663.7603340149,67.16393674318114,2005.0,558153.3180541992,278.380568415776,2005.0,25681.0,12.808472414726975,2005.0
2020-03-04,DK-82,6133.941702604295,3.059321019093902,2005.0,180721.25611114505,90.13524487576069,2005.0,554676.4203186035,276.6464556968318,2005.0,10357.0,5.1655834585618665,2005.0
2020-04-08,DK-82,6933.245831489563,3.457976246141305,2005.0,134721.39055633545,67.19267998187307,2005.0,566839.1805419922,282.7126672465461,2005.0,34208.0,17.061338124020885,2005.0
2020-03-02,DK-82,7192.258348226545,3.5871594818289605,2005.0,176239.39600372317,87.89990429118147,2005.0,556408.1310119629,277.5101513724746,2005.0,10045.0,5.009972563604706,2005.0
2020-03-24,DK-82,10759.266694545746,5.366215126349436,2005.0,106551.15365600586,53.14269352284904,2005.0,556141.4199829103,277.3771284816866,2005.0,22911.0,11.426926969113731,2005.0
2020-04-12,DK-82,12401.675017833708,6.185370988759463,2005.0,146218.05377197266,72.9266737383037,2005.0,565451.4251098633,282.02052024406134,2005.0,36745.0,18.326674151284713,2005.0
2020-03-29,DK-82,13543.908410549166,6.7550631698184525,2005.0,98311.46304321288,49.03312419455796,2005.0,553031.8684082031,275.82623071420073,2005.0,26348.0,13.14114057798475,2005.0
2020-02-01,DK-82,15945.379120349882,7.952803574836063,2005.0,183008.60204315183,91.27606522049207,2005.0,563487.3884887695,281.04095134554524,2005.0,,,
2020-02-07,DK-82,6382.908311367035,3.183493829363195,2005.0,187984.56224823,93.75783964607996,2005.0,557244.6440124512,277.92736463096594,2005.0,,,
2020-02-10,DK-82,17465.7292304039,8.71108255327748,2005.0,167446.5304107666,83.51443735477768,2005.0,558066.0358886719,278.33703618535446,2005.0,315.0,0.15710715356251692,2005.0
2020-03-21,DK-82,5098.829173564911,2.5430556760644563,2005.0,126940.29174041748,63.31183462772212,2005.0,552469.6040344238,275.5457997449496,2005.0,20169.0,10.059346603817156,2005.0
2020-04-15,DK-82,14974.333378314974,7.468491725597628,2005.0,149416.61164093018,74.52196365035736,2005.0,564376.0960693359,281.4841968005682,2005.0,38213.0,19.058843362172887,2005.0
2020-04-25,DK-82,6396.962507963181,3.190503400229317,2005.0,133546.79488372806,66.60684702088828,2005.0,565568.8202209473,282.0790713924568,2005.0,44805.0,22.346622271011338,2005.0
2020-03-23,DK-82,9140.625047683716,4.5589129619804245,2005.0,115775.40449905394,57.74331509014407,2005.0,553090.1738586426,275.85531072485384,2005.0,21894.0,10.919695301897605,2005.0
2020-04-28,DK-82,5185.8249970674515,2.58644509257973,2005.0,156846.59436035153,78.22768884422081,2005.0,562782.7665710449,280.68951914290557,2005.0,38998.0,19.450364363908047,2005.0
2020-02-21,DK-82,16052.045853614807,8.006003914020393,2005.0,171845.66495513913,85.70851832749169,2005.0,558935.911315918,278.77088904988966,2005.0,3885.0,1.9376548939377087,2005.0
2020-03-07,DK-82,5486.808283805847,2.7365613701967466,2005.0,177248.13063049316,88.40301357979031,2005.0,553337.9202575685,275.9788749519668,2005.0,10297.0,5.13565828645472,2005.0
2020-03-18,DK-82,11976.587468147278,5.973357354009937,2005.0,175675.37451171875,87.61859695417546,2005.0,562562.200012207,280.57951093900056,2005.0,12066.0,6.0179521107470775,2005.0
2020-03-27,DK-82,3693.9458188414574,1.8423660730550544,2005.0,125764.09645843506,62.725203856973174,2005.0,555663.3559265137,277.13869266225487,2005.0,25440.0,12.688272973429939,2005.0
2020-03-22,DK-82,7186.116717338562,3.584096325806601,2005.0,129822.75049209596,64.74946919831757,2005.0,552262.9624633789,275.4427366686495,2005.0,19997.0,9.973561110443336,2005.0
2020-03-14,DK-82,7941.18337392807,3.960687986653408,2005.0,148747.89836502075,74.18844098582531,2005.0,551740.2595214844,275.182037077031,2005.0,17118.0,8.537651602168777,2005.0
2020-02-17,DK-82,20074.34994983673,10.012139619799056,2005.0,161546.09867858887,80.57158010324626,2005.0,560473.8986511229,279.5379646449668,2005.0,676.0,0.33715693907384586,2005.0
2020-04-30,DK-82,9761.479183912275,4.8685657433149805,2005.0,186407.5428466797,92.97129669595164,2005.0,562514.1472167969,280.55554446945257,2005.0,28141.0,14.035404471119964,2005.0
2020-02-26,DK-82,6709.31667470932,3.3462909368670237,2005.0,168956.95233917233,84.26776462414351,2005.0,549895.7895812988,274.26210240358927,2005.0,4052.0,2.0209466229692654,2005.0
2020-03-12,DK-82,19528.633285999298,9.739961868347846,2005.0,165771.91372680664,82.67921748009435,2005.0,558729.5466613771,278.6679640864902,2005.0,11792.0,5.8812938247911095,2005.0
2020-04-19,DK-82,5137.708323121071,2.562446763428582,2005.0,115640.35835266113,57.6759604372572,2005.0,563779.845123291,281.18681493091077,2005.0,42579.0,21.23639838583621,2005.0
2020-03-13,DK-82,10203.325068950651,5.088937645891773,2005.0,160973.38983154294,80.28593992299403,2005.0,554959.9957580565,276.78788976068176,2005.0,11895.0,5.93266537024171,2005.0
2020-02-22,DK-82,22402.03745746612,11.173080441090116,2005.0,162011.20809936526,80.80355476100273,2005.0,560764.7567749022,279.6830309685144,2005.0,6578.0,3.280796368680116,2005.0
2020-03-20,DK-82,8402.274996042252,4.190658755802241,2005.0,139066.77951049805,69.35995518730317,2005.0,555829.2901306152,277.2214528225249,2005.0,20036.0,9.993012472312982,2005.0
2020-04-18,DK-82,5632.108332157135,2.8090301860982287,2005.0,112065.54623031618,55.893012637059115,2005.0,560874.7835693359,279.7379071478448,2005.0,41899.0,20.897246435288558,2005.0
2020-02-03,DK-82,7371.770900726318,3.67669188231144,2005.0,185249.01340484625,92.39347681365057,2005.0,556242.1367797853,277.42736127302936,2005.0,,,
2020-02-24,DK-82,9485.795842885971,4.731067886193559,2005.0,170052.71450042725,84.81427914521102,2005.0,555452.4886474609,277.03352200196457,2005.0,9682.0,4.8289252723564715,2005.0
2020-02-06,DK-82,12176.850055217745,6.073238893755037,2005.0,179486.00904083255,89.51916185619484,2005.0,560910.4428710939,279.7556923268835,2005.0,39.0,0.01945136186964496,2005.0
2020-04-14,DK-82,10738.812504529953,5.356013540407188,2005.0,130912.7554473877,65.29311229639671,2005.0,558013.1237487793,278.31064610380713,2005.0,37644.0,18.775052980023453,2005.0
2020-04-27,DK-82,5198.520821690559,2.5927771715278745,2005.0,180197.8664474488,89.87420277967381,2005.0,561857.1748657228,280.22787762486035,2005.0,25268.0,12.60248748005612,2005.0
2020-03-17,DK-82,11980.279119968412,5.975198575945058,2005.0,172682.27885437012,86.1257819095203,2005.0,561499.6137695311,280.0495430024879,2005.0,10563.0,5.268326549463068,2005.0
2020-02-09,DK-82,21224.91255569458,10.585986019804768,2005.0,180469.03755950925,90.00945014965542,2005.0,561061.1801452637,279.83087297475845,2005.0,,,
2020-03-15,DK-82,15316.195921421053,7.638996649588232,2005.0,169203.22730255127,84.39059496855674,2005.0,561019.2835693359,279.80997693733616,2005.0,8219.0,4.099249825810561,2005.0
2020-03-05,DK-82,3613.6124929189677,1.8022995963188888,2005.0,177099.3555679321,88.32881159058383,2005.0,553670.0216674805,276.14451148277755,2005.0,10757.0,5.36508460594284,2005.0
2020-04-29,DK-82,8931.329149246216,4.454526032279394,2005.0,169391.67282867432,84.48458271525766,2005.0,561682.897796631,280.1409564367453,2005.0,27608.0,13.769569192234814,2005.0
2020-04-09,DK-82,11118.241667747498,5.5452549239364455,2005.0,136626.08791351318,68.14265325229921,2005.0,562256.5944213867,280.4270892739638,2005.0,35858.0,17.884280356967402,2005.0
2020-02-29,DK-82,12519.937524795532,6.244354753337048,2005.0,183076.0664215088,91.30971327271595,2005.0,557098.6130981445,277.8545312935727,2005.0,2450.0,1.221944527708465,2005.0
2020-03-19,DK-82,8147.387503385545,4.06353288770706,2005.0,160856.627243042,80.22770424705125,2005.0,558972.8983459473,278.7893364372124,2005.0,20029.0,9.989521202233817,2005.0
2020-03-01,DK-82,15125.312520027159,7.54379300560307,2005.0,168308.2075805664,83.94420131489531,2005.0,557280.0625,277.9450297032271,2005.0,7989.0,3.984536666066502,2005.0
2020-04-11,DK-82,6520.495804190636,3.2521159860721447,2005.0,169626.44951629642,84.60167826165492,2005.0,558243.0280456543,278.425311531343,2005.0,18948.0,9.450369351436732,2005.0
2020-03-26,DK-82,4586.712461948395,2.2876359971632905,2005.0,123841.87916946413,61.76649247031005,2005.0,556316.1138916016,277.46425756974764,2005.0,24489.0,12.213958995531671,2005.0
2020-03-03,DK-82,5721.491682767867,2.8536103886072217,2005.0,185963.78639984128,92.74997189519672,2005.0,555866.6469726561,277.2400846546492,2005.0,4655.0,2.321694602646084,2005.0
2020-02-25,DK-82,14417.5041513443,7.1907715514078525,2005.0,183125.91268920896,91.33457424171309,2005.0,554859.7637634277,276.73789876584993,2005.0,4146.0,2.067829392603794,2005.0
2020-02-08,DK-82,9980.287482023241,4.9776970096390185,2005.0,179849.28955078125,89.70034905258464,2005.0,556287.3187561035,277.4498959133205,2005.0,1383.0,0.6897752170697172,2005.0
2020-04-17,DK-82,5234.512507200241,2.610728127916266,2005.0,126787.12633132936,63.235442940591724,2005.0,561171.6865539551,279.8859883630757,2005.0,41274.0,20.58552589250579,2005.0
2020-02-15,DK-82,14039.354151248934,7.002168154155003,2005.0,190876.76964569086,95.20033638172295,2005.0,561294.0714111328,279.94702816164823,2005.0,27.0,0.013466327448215736,2005.0
2020-04-16,DK-82,12022.79165792465,5.996401826195923,2005.0,137799.60301208493,68.72794727388414,2005.0,564134.2652282715,281.363582974907,2005.0,40167.0,20.033406467128945,2005.0
2020-02-23,DK-82,15322.150040149687,7.641966283383247,2005.0,158441.33288574222,79.02306925819099,2005.0,557151.0579223633,277.88068830008734,2005.0,6880.0,3.4314197349527507,2005.0
2020-03-16,DK-82,8089.7292120456705,4.034775649511232,2005.0,167780.30680084226,83.68090928674962,2005.0,561803.544128418,280.20112914079243,2005.0,13600.0,6.783039010953113,2005.0
2020-02-14,DK-82,6055.149979829787,3.0200234213498085,2005.0,176434.96900177005,87.99744688494921,2005.0,555017.3220214844,276.816481399004,2005.0,1684.0,0.8398998304739,2005.0
2020-02-19,DK-82,8594.291676282883,4.286427625862971,2005.0,178508.85845184323,89.03180519702646,2005.0,557003.8706054689,277.8072782035863,2005.0,6844.0,3.413464631688463,2005.0
2020-03-09,DK-82,6521.2291972637195,3.252481767971047,2005.0,180303.31105041504,89.92679357786606,2005.0,560838.6390075685,279.7198799439843,2005.0,10959.0,5.465832685370232,2005.0
2020-02-27,DK-82,4585.491681396961,2.2870271293615123,2005.0,174308.89177703855,86.937059770563,2005.0,550198.6656494141,274.4131627113473,2005.0,7338.0,3.6598485487039656,2005.0
2020-04-23,DK-82,4729.791671156883,2.35899716317193,2005.0,112166.1752319336,55.94320164026532,2005.0,571706.6619567871,285.140337564314,2005.0,47078.0,23.48028754100372,2005.0
2020-03-11,DK-82,15463.191679000854,7.712311205331495,2005.0,160395.82479858398,79.99787770608792,2005.0,561500.5101928711,280.04999009619996,2005.0,13219.0,6.593014168072735,2005.0
2020-04-24,DK-82,10462.820801258089,5.218361886731271,2005.0,143961.32132720947,71.8011219581484,2005.0,566408.8310546875,282.49802920531585,2005.0,45596.0,22.74113578995721,2005.0
2020-04-26,DK-82,6518.89999651909,3.251320072418462,2005.0,140404.50007629395,70.02714715668169,2005.0,563192.9070739746,280.89407789521044,2005.0,33628.0,16.772061460318472,2005.0
2020-04-05,DK-82,9323.820878505709,4.650282408091421,2005.0,129498.61059188846,64.5878034933092,2005.0,565376.2466430664,281.98302476810056,2005.0,33189.0,16.553108951067856,2005.0
2020-04-10,DK-82,7547.125027418138,3.7641502559939553,2005.0,143751.43696594238,71.69644153092312,2005.0,558058.236907959,278.3331464213529,2005.0,36194.0,18.051861320767426,2005.0
2020-04-21,DK-82,6052.541666388512,3.0187225175391488,2005.0,117142.44575500488,58.425130837842424,2005.0,568832.8598632811,283.7070205268133,2005.0,44861.0,22.374552431644677,2005.0
2020-04-02,DK-82,18513.674964427948,9.233748494104466,2005.0,155302.69534301758,77.45766478072458,2005.0,559027.7434082031,278.81669056933293,2005.0,18588.0,9.270818318793856,2005.0
2020-05-01,DK-82,5617.016668081285,2.8015031753506774,2005.0,175099.38465118408,87.3313203590343,2005.0,563846.3418273926,281.219980352824,2005.0,34634.0,17.273806845981625,2005.0
2020-04-06,DK-82,9249.441725730896,4.613185592291922,2005.0,122101.49612808225,60.898471436214884,2005.0,569788.1656799315,284.183482043117,2005.0,34088.0,17.001487779806595,2005.0
2020-04-03,DK-82,14977.641705036165,7.470141763039602,2005.0,137255.7244567871,68.45668628433957,2005.0,555558.0514526367,277.08617175384785,2005.0,30214.0,15.069319167421858,2005.0
2020-02-02,DK-82,10814.08334350586,5.393555087257243,2005.0,162304.11242675778,80.94964163447192,2005.0,556199.9590759277,277.40632502224577,2005.0,,,
2020-04-20,DK-82,5140.420811533928,2.5637996248051387,2005.0,117367.84157943724,58.53754765181528,2005.0,566619.0213317871,282.6028622089401,2005.0,43533.0,21.71220862233984,2005.0
2020-02-18,DK-82,14143.3333363533,7.054028070985153,2005.0,169964.30173492432,84.77018302480863,2005.0,558319.5935363771,278.4634987894654,2005.0,5725.0,2.8553601718901884,2005.0
2020-02-05,DK-82,9625.437472581863,4.800714549559758,2005.0,166924.88872528073,83.25426706783726,2005.0,554378.3069763185,276.4977708122432,2005.0,600.0,0.2992517210714608,2005.0
2020-02-12,DK-82,14237.012536048891,7.100750840547656,2005.0,174536.98805999756,87.05082344597211,2005.0,555485.639312744,277.05005599136564,2005.0,2509.0,1.2513709469471586,2005.0
2020-03-10,DK-82,12099.054149627686,6.034437962688142,2005.0,188467.05990600586,93.99848673691729,2005.0,559935.4493103027,279.2694114917163,2005.0,6275.0,3.1296742495390286,2005.0
2020-02-20,DK-82,14114.016693592073,7.039406311314592,2005.0,188124.0254974365,93.82739734166545,2005.0,558164.4436035156,278.38611731541056,2005.0,79.0,0.03940147660774234,2005.0
2020-03-06,DK-82,8109.254200935364,4.044513793726469,2005.0,182034.90203857425,90.79042955019683,2005.0,552721.1037292479,275.6712359391582,2005.0,7961.0,3.9705715857498327,2005.0
2020-04-22,DK-82,4967.683319091797,2.4776463049603454,2005.0,112513.93320083617,56.11664692478266,2005.0,570317.0926818848,284.44728590254306,2005.0,46162.0,23.023429913501293,2005.0
2020-04-01,DK-82,14366.287514209751,7.165227106724509,2005.0,165104.1413269043,82.34616408016969,2005.0,560000.0804443359,279.3016464552067,2005.0,19805.0,9.877800559700473,2005.0
2020-02-16,DK-82,19644.829226493835,9.797914926972023,2005.0,182175.17977142328,90.86039347183537,2005.0,564161.3594055176,281.37709627352683,2005.0,28.0,0.013965080316668172,2005.0
2020-02-11,DK-82,14521.699949741365,7.242739504739082,2005.0,173830.74322509766,86.69858180873608,2005.0,554654.2764892578,276.63541139842715,2005.0,691.0,0.3446382321006324,2005.0
2020-03-30,DK-82,8790.070928096771,4.384073089288618,2005.0,121891.93990707395,60.79395466988494,2005.0,555214.8115539551,276.91497986981307,2005.0,26799.0,13.366078121656795,2005.0
2020-03-08,DK-82,14274.595856666565,7.119495629511689,2005.0,182042.59705352786,90.79426746097772,2005.0,560982.8599853516,279.79181057034464,2005.0,6169.0,3.076806445483069,2005.0
2020-03-31,DK-82,9575.166618347168,4.775641816810649,2005.0,146292.5587310791,72.96383330037197,2005.0,554222.0744018555,276.41984936758405,2005.0,21885.0,10.915206526081533,2005.0
2020-04-23,DK-83,4171.741660416126,2.233265217960872,1868.0,111325.35846710204,59.5959844063799,1868.0,532376.8335571289,284.99815233349926,1868.0,47420.0,25.38542538253459,1868.0
2020-03-22,DK-83,8086.479177713393,4.328947991844434,1868.0,123885.47462081908,66.31981172430801,1868.0,514387.5080261231,275.3678975686432,1868.0,20095.0,10.757488887853915,1868.0
2020-03-10,DK-83,13298.433289051058,7.11907182547068,1868.0,174816.41819763187,93.58475621674285,1868.0,522396.5236511231,279.65537687138453,1868.0,6946.0,3.71841342697354,1868.0
2020-03-04,DK-83,6445.46667432785,3.4504621112771616,1868.0,167970.73768615726,89.92004698399906,1868.0,517086.5367736816,276.8127729983451,1868.0,10401.0,5.567984171314684,1868.0
2020-03-21,DK-83,7533.491693258285,4.032916306392924,1868.0,112120.40837860107,60.021599762848645,1868.0,515521.6862487793,275.97505903304085,1868.0,20560.0,11.006418090782606,1868.0
2020-04-01,DK-83,13433.791699409485,7.191533462460398,1868.0,151715.53498840332,81.21812300336205,1868.0,521848.6599121094,279.3620880888765,1868.0,20300.0,10.86723186979022,1868.0
2020-04-22,DK-83,7914.620863914491,4.236946802445229,1868.0,107073.61667633057,57.31989258909956,1868.0,529937.6651611328,283.69238836656564,1868.0,45729.0,24.480179614464873,1868.0
2020-02-10,DK-83,18895.96667671204,10.115608437421628,1868.0,151289.54053497314,80.99007470283642,1868.0,521422.1739807129,279.1337766846553,1868.0,882.0,0.472162488135713,1868.0
2020-04-04,DK-83,6747.1625146865845,3.611969434002757,1868.0,159502.83600616455,85.38691146640956,1868.0,520568.0092773438,278.676515310936,1868.0,23174.0,12.4057749433753,1868.0
2020-04-16,DK-83,10407.02911233902,5.571211745785479,1868.0,132768.1308517456,71.07497846722009,1868.0,526148.0242919922,281.66367378389634,1868.0,38258.0,20.480717087410554,1868.0
2020-04-29,DK-83,7651.1583631038675,4.095906995287405,1868.0,161010.668800354,86.19410203760813,1868.0,525170.7234191896,281.14049372521185,1868.0,26361.0,14.111876813770444,1868.0
2020-04-24,DK-83,10809.208265304564,5.786510962951608,1868.0,138834.07444763187,74.32226987439077,1868.0,527291.84375,282.2759965064259,1868.0,41730.0,22.33938846927812,1868.0
2020-04-06,DK-83,8648.470900058746,4.6297999305454045,1868.0,112663.42517852785,60.31229382560707,1868.0,531533.3369750978,284.5466019424495,1868.0,32920.0,17.623116904113008,1868.0
2020-04-08,DK-83,6567.1416590213785,3.5155985778494645,1868.0,129857.41870880127,69.51678222270827,1868.0,528584.2834472656,282.96788034228337,1868.0,33990.0,18.1959217366586,1868.0
2020-02-16,DK-83,20039.32084846497,10.7276820775069,1868.0,166093.41667175293,88.91505768559702,1868.0,526754.9213256836,281.988564955631,1868.0,72.0,0.03854387658250719,1868.0
2020-02-06,DK-83,10207.78335571289,5.464549192271787,1868.0,164797.54231262207,88.22133516664181,1868.0,522437.6004638672,279.6773665880624,1868.0,53.0,0.028372575817678894,1868.0
2020-02-17,DK-83,21318.55010700226,11.412493947809589,1868.0,146315.92150115967,78.32753917217372,1868.0,523245.5389404297,280.1098816009358,1868.0,5399.0,2.8902554120688366,1868.0
2020-05-01,DK-83,6649.770813465118,3.559832576891082,1868.0,163605.2254333496,87.58305024105962,1868.0,526276.0314025879,281.7322000376808,1868.0,38542.0,20.63275126726377,1868.0
2020-04-15,DK-83,14148.125029563904,7.573938680741553,1868.0,141837.90814971927,75.93031703394122,1868.0,525848.8898010254,281.50353763248813,1868.0,38079.0,20.384892727573487,1868.0
2020-03-01,DK-83,16410.933343887333,8.785291519590903,1868.0,150732.6295928955,80.69194266646298,1868.0,520426.8717346192,278.60095992165907,1868.0,8024.0,4.295500912472745,1868.0
2020-04-12,DK-83,10245.270807743073,5.484617410666843,1868.0,126681.55862045287,67.81664389925534,1868.0,529912.7069396973,283.67902744147204,1868.0,36194.0,19.37579262537868,1868.0
2020-04-07,DK-83,5950.587508201599,3.185537645965714,1868.0,128396.66645050047,68.73479535101988,1868.0,528940.4551086426,283.15855029448187,1868.0,33553.0,17.96198181906755,1868.0
2020-03-29,DK-83,14304.775057315825,7.657798393745949,1868.0,94961.49227523805,50.83588942149285,1868.0,515335.5682067871,275.87542416025855,1868.0,25442.0,13.619907055724275,1868.0
2020-03-24,DK-83,9891.43335556984,5.295197034460816,1868.0,97724.60813140868,52.31507270681798,1868.0,517645.7747192383,277.11215075325885,1868.0,23028.0,12.327616526971884,1868.0
2020-03-16,DK-83,8800.454151153564,4.7111613704455,1868.0,155421.32373046875,83.2019488910706,1868.0,523872.1760559082,280.4453402626167,1868.0,11836.0,6.336185044868821,1868.0
2020-02-14,DK-83,5891.483319282532,3.1538973048100787,1868.0,160237.303024292,85.78009488447383,1868.0,518169.6812133789,277.3926144650773,1868.0,1193.0,0.638650621707376,1868.0
2020-02-25,DK-83,20446.87083721161,10.945856472888188,1868.0,153026.50020599365,81.91992413601152,1868.0,519031.746673584,277.8541053637466,1868.0,6767.0,3.6225890671364738,1868.0
2020-02-08,DK-83,9415.345799207687,5.0403323120317856,1868.0,162383.27142333984,86.92889962229134,1868.0,518810.2901916504,277.7355527066904,1868.0,2296.0,1.229121397686618,1868.0
2020-03-09,DK-83,7314.283356189728,3.9155671523675455,1868.0,170147.56397247314,91.08537092457293,1868.0,522674.7100219727,279.80429883173116,1868.0,9718.0,5.202352675400066,1868.0
2020-03-28,DK-83,8715.716648340225,4.665798705857345,1868.0,129800.79419708252,69.48646933116339,1868.0,519948.9682922363,278.34512309802636,1868.0,24725.0,13.236074284756803,1868.0
2020-02-28,DK-83,11131.408354759216,5.958994858546232,1868.0,153432.62868499756,82.13733755228051,1868.0,518515.8957214356,277.5779540382664,1868.0,9392.0,5.027834567540381,1868.0
2020-03-14,DK-83,7978.891664743422,4.271352994320358,1868.0,139196.47003173828,74.51627168922195,1868.0,515191.0134277344,275.7980394163249,1868.0,17773.0,9.514448868068056,1868.0
2020-04-26,DK-83,5929.516658306122,3.1742577537732166,1868.0,132549.85412597653,70.95812803418015,1868.0,523812.6441345215,280.4134709427465,1868.0,25872.0,13.850099651980916,1868.0
2020-04-20,DK-83,6088.762501239777,3.259507088721996,1868.0,109946.49598312376,58.85783572017562,1868.0,527448.645904541,282.3599376577106,1868.0,42304.0,22.646668818699776,1868.0
2020-02-13,DK-83,8916.483309030533,4.7732754474063634,1868.0,162024.558883667,86.73686945760038,1868.0,517202.41220092773,276.87480477843843,1868.0,5849.0,3.1311546407095068,1868.0
2020-02-15,DK-83,13965.241651058195,7.476035425601053,1868.0,170450.3776473999,91.24747665948782,1868.0,523370.2461242676,280.1766412995858,1868.0,16.0,0.008565305907223819,1868.0
2020-02-01,DK-83,17630.300012111664,9.438057052491764,1868.0,170384.96630859375,91.21245990157058,1868.0,525333.4291381836,281.2275952412143,1868.0,,,
2020-04-17,DK-83,5005.516665816307,2.6796113416514804,1868.0,122353.0827140808,65.49947388362256,1868.0,523705.24200439453,280.35597518652,1868.0,40245.0,21.544421014763913,1868.0
2020-03-26,DK-83,6101.391652107239,3.266267872505014,1868.0,115889.34162139893,62.03922889837797,1868.0,518254.2385559082,277.4378806841689,1868.0,24192.0,12.950742531722414,1868.0
2020-03-03,DK-83,5807.079192638397,3.1087131070263867,1868.0,166440.7653427124,89.10100441204925,1868.0,518768.7551269531,277.7133176732524,1868.0,7178.0,3.8426103626282857,1868.0
2020-02-21,DK-83,16493.670870780945,8.82958353383159,1868.0,156406.83364105225,83.72952350724236,1868.0,521577.50915527344,279.21693251517183,1868.0,5385.0,2.8827607694000164,1868.0
2020-02-18,DK-83,16053.450021266935,8.593919393655003,1868.0,154378.20085144046,82.64353223121424,1868.0,521297.7514953613,279.067169394107,1868.0,6178.0,3.3072787434267967,1868.0
2020-03-15,DK-83,14085.15005493164,7.540226185602492,1868.0,150903.066696167,80.78318303692932,1868.0,523557.4741821289,280.2768703989607,1868.0,9525.0,5.09903367289418,1868.0
2020-04-14,DK-83,10610.070843219755,5.6799064043433365,1868.0,126129.98444747926,67.52136880412765,1868.0,520074.6743164063,278.4124175074886,1868.0,34313.0,18.368833849660682,1868.0
2020-04-09,DK-83,9400.404151439669,5.032333575538593,1868.0,127753.95823287965,68.39073332020679,1868.0,524983.2208862305,281.0401176906385,1868.0,34337.0,18.38168180852152,1868.0
2020-02-26,DK-83,6994.412457942963,3.7443301464736702,1868.0,152712.08638763428,81.75160847752989,1868.0,514293.7153015137,275.3176873575088,1868.0,3714.0,1.9882216337143288,1868.0
2020-04-30,DK-83,7980.820807695391,4.272385725540505,1868.0,166934.93007659912,89.3655464191931,1868.0,526717.9829406738,281.968790670173,1868.0,32814.0,17.56637175247765,1868.0
2020-04-13,DK-83,14982.541778564453,8.02062835007286,1868.0,102239.85759353636,54.732228512477434,1868.0,519743.4606933594,278.23510838236143,1868.0,36591.0,19.58831927820168,1868.0
2020-04-10,DK-83,7470.633375883101,3.9992662615721852,1868.0,133813.8575668335,71.63478904285036,1868.0,521229.767578125,279.03077545361333,1868.0,33493.0,17.92986192191546,1868.0
2020-02-05,DK-83,8734.408388376236,4.675804985316517,1868.0,150516.45414733887,80.57621711516154,1868.0,516856.949584961,276.68986771685934,1868.0,3415.0,1.828157479573084,1868.0
2020-04-28,DK-83,4795.07916867733,2.566957495567363,1868.0,138438.16174316403,74.1103252852456,1868.0,526094.0186767578,281.634762870447,1868.0,42789.0,22.90630465401249,1868.0
2020-04-02,DK-83,17835.23754787445,9.547766595346818,1868.0,146650.8756866455,78.50685073864818,1868.0,521925.0997314453,279.4030087411331,1868.0,19916.0,10.661664528016848,1868.0
2020-03-30,DK-83,9221.808351993559,4.9367255970385235,1868.0,119137.90348815918,63.77828678258694,1868.0,518156.4591979981,277.38553630217444,1868.0,25455.0,13.626866366773895,1868.0
2020-03-13,DK-83,12453.883283615112,6.666957503564031,1868.0,148926.54164886475,79.7250866829647,1868.0,518644.4881591797,277.646793636181,1868.0,11618.0,6.219482751882894,1868.0
2020-04-27,DK-83,5960.841681003571,3.191027028895365,1868.0,151871.2691040039,81.30149239963143,1868.0,526780.9836730957,282.0025169542713,1868.0,35525.0,19.017655772132887,1868.0
2020-04-03,DK-83,12995.266690254211,6.956777159248956,1868.0,131238.3032913208,70.25601340219882,1868.0,518606.45098876953,277.62643113615553,1868.0,30315.0,16.22857803609313,1868.0
2020-03-18,DK-83,12072.7542552948,6.462927083708628,1868.0,168930.59201049805,90.43388735364599,1868.0,524487.1817321777,280.77457224711213,1868.0,9728.0,5.207705991592082,1868.0
2020-03-20,DK-83,8031.370840549469,4.299446756478968,1868.0,132318.72896575928,70.83439942792283,1868.0,519365.4212646485,278.0327319228675,1868.0,19590.0,10.487146420157165,1868.0
2020-04-19,DK-83,6574.333357334137,3.5194485213520426,1868.0,108961.77566146848,58.33068379592329,1868.0,524730.2384643555,280.9046882011067,1868.0,41342.0,22.131679801027946,1868.0
2020-04-25,DK-83,6727.0291566848755,3.6011914108637386,1868.0,123042.23659515381,65.86839974665635,1868.0,527730.15625,282.5106390467671,1868.0,46934.0,25.12525421560267,1868.0
2020-03-31,DK-83,7988.900057792664,4.2767108035770125,1868.0,124245.71293258668,66.51265868304496,1868.0,516454.3981018066,276.4743691795704,1868.0,26815.0,14.354917368887918,1868.0
2020-02-19,DK-83,11193.220857858658,5.992085045917351,1868.0,158416.20729064938,84.80520475666202,1868.0,520252.04501342773,278.50736964992404,1868.0,7221.0,3.8656296222539495,1868.0
2020-02-12,DK-83,18049.77911043167,9.662617477416592,1868.0,157004.87058258054,84.04967159149301,1868.0,518437.8979492188,277.5361993645714,1868.0,400.0,0.21413264768059545,1868.0
2020-03-02,DK-83,6727.174978733063,3.6012694740169104,1868.0,165395.04161071774,88.54119543336313,1868.0,518827.8004760742,277.74492651560365,1868.0,8282.0,4.4336164702267284,1868.0
2020-03-06,DK-83,10754.12911081314,5.757025349993464,1868.0,164766.10065460205,88.20450345294356,1868.0,517044.4476623535,276.790241366227,1868.0,9195.0,4.922374238557689,1868.0
2020-02-20,DK-83,14779.237565994265,7.911793176767175,1868.0,172255.0871963501,92.21359474451572,1868.0,520635.2258300781,278.71249845694837,1868.0,184.0,0.0985010179330739,1868.0
2020-03-07,DK-83,6263.4166510105115,3.353004977519024,1868.0,162752.20615386966,87.12640204896552,1868.0,516374.0403442383,276.43135113109594,1868.0,10160.0,5.4389692510871255,1868.0
2020-03-23,DK-83,8943.258332729341,4.787608964197204,1868.0,108043.2999343872,57.8389946977476,1868.0,514901.9856567383,275.6433137116834,1868.0,22041.0,11.799244218820007,1868.0
2020-02-29,DK-83,13389.1500082016,7.167635353622187,1868.0,164752.17650604248,88.19704941594921,1868.0,520976.3193969727,278.89509662841334,1868.0,6425.0,3.4395056533695647,1868.0
2020-02-22,DK-83,23341.93329715729,12.495674947260351,1868.0,154779.03044128418,82.85810898456916,1868.0,522850.6141052246,279.8984658494426,1868.0,4401.0,2.355994456105752,1868.0
2020-02-09,DK-83,21015.21259021759,11.250107783784692,1868.0,163169.5320968628,87.34980982176283,1868.0,524050.8150939941,280.54097138812784,1868.0,60.0,0.03211989715208932,1868.0
2020-02-02,DK-83,9693.904197692873,5.189453430535034,1868.0,154069.83995819092,82.47845689493256,1868.0,519968.3089294434,278.35547675265883,1868.0,51.0,0.02730191257927592,1868.0
2020-02-24,DK-83,10113.08754825592,5.413855532334255,1868.0,163047.93007659912,87.2847124153569,1868.0,518511.5483398438,277.5756267474395,1868.0,8384.0,4.488220295385282,1868.0
2020-02-23,DK-83,15586.766686439514,8.344089048367486,1868.0,150666.6986427307,80.65664774415576,1868.0,520082.86416625977,278.41680179307167,1868.0,2454.0,1.3137037935204532,1868.0
2020-03-25,DK-83,7982.675004005432,4.2733783354534784,1868.0,97949.77946472168,52.43561404127818,1868.0,518684.6672973633,277.6683027992829,1868.0,23766.0,12.722691261942579,1868.0
2020-04-11,DK-83,4912.779150724411,2.6299660175366135,1868.0,143432.97341156006,76.78420590329452,1868.0,522655.5109558106,279.79402096455544,1868.0,28623.0,15.322796936404213,1868.0
2020-03-27,DK-83,5753.937503099442,3.0802646803183946,1868.0,124108.25012207033,66.43907049411125,1868.0,519405.64736938477,278.0542662286502,1868.0,24380.0,13.051384876132293,1868.0
2020-02-07,DK-83,5919.062504768372,3.168661314832472,1868.0,168545.40348815918,90.2276837582845,1868.0,520244.0475158691,278.5030883366064,1868.0,,,
2020-03-11,DK-83,14692.087553024292,7.865139019210532,1868.0,151606.30837249756,81.1596505422093,1868.0,523659.5941772461,280.3315384612996,1868.0,14825.0,7.936291254662068,1868.0
2020-02-04,DK-83,11142.758321762085,5.965070854759759,1868.0,150483.69918823242,80.5586823498662,1868.0,518032.7778625488,277.3193257726033,1868.0,1822.0,0.9753742101851124,1868.0
2020-03-05,DK-83,5543.279191732408,2.9674926253960283,1868.0,169110.1863708496,90.53002989337244,1868.0,516080.9163513184,276.2744325893393,1868.0,10099.0,5.406314022315834,1868.0
2020-03-08,DK-83,13738.70425462723,7.354762794359975,1868.0,164470.60780334473,88.04631678641752,1868.0,523311.1059570313,280.14498169809934,1868.0,7153.0,3.8292270721482478,1868.0
2020-03-17,DK-83,11986.604103565214,6.416808183488778,1868.0,160381.17785644528,85.8571156313328,1868.0,523498.44610595703,280.2452708033652,1868.0,11124.0,5.95502893199736,1868.0
2020-04-18,DK-83,6430.358363389971,3.4423741547193867,1868.0,106584.90408325195,57.05826928532264,1868.0,524285.2378234863,280.6664652874845,1868.0,40791.0,21.836712078847928,1868.0
2020-02-03,DK-83,8955.099950313568,4.793948156512533,1868.0,168466.2166595459,90.18529254510351,1868.0,520958.9571838379,278.88580208674296,1868.0,8.0,0.0042826529536119096,1868.0
2020-04-21,DK-83,9721.795809030533,5.204384691994561,1868.0,104880.04246520996,56.14560295482174,1868.0,529641.3856201172,283.53378056013736,1868.0,43906.0,23.50427007266056,1868.0
2020-02-27,DK-83,5191.920837163925,2.7793993885249124,1868.0,159971.8948059082,85.63801347317705,1868.0,514533.4711303711,275.446036233584,1868.0,9144.0,4.895072325978412,1868.0
2020-03-19,DK-83,6400.745815515517,3.4265216215170757,1868.0,149306.56897735596,79.92852732806672,1868.0,521795.7283935547,279.33375217334185,1868.0,18820.0,10.074941073372017,1868.0
2020-02-11,DK-83,16872.020859718326,9.032126246034302,1868.0,152653.35704803467,81.72016880506737,1868.0,518600.20889282227,277.62308954482484,1868.0,4441.0,2.377407720873811,1868.0
2020-04-05,DK-83,9496.024969100952,5.083522422686579,1868.0,118016.74899673465,63.1780973333176,1868.0,526895.0092773439,282.0635584656238,1868.0,32423.0,17.357057089369867,1868.0
2020-03-12,DK-83,20872.03752326965,11.173461643366172,1868.0,147102.95864868164,78.74886504272838,1868.0,521805.0537109375,279.33874431059587,1868.0,12580.0,6.734471769554727,1868.0
2020-02-01,DK-84,3050.616693019867,7.045287870050801,433.0,38868.39150238037,89.7651310329084,433.0,121882.38681030273,281.4829222341351,433.0,,,
2020-02-02,DK-84,3483.166666984558,8.044246241889876,433.0,34603.879196166985,79.91639556529199,433.0,120473.5798034668,278.22933388945245,433.0,80.0,0.18475707908295824,433.0
2020-02-24,DK-84,2303.5333428382874,5.3199261499125585,433.0,35684.928565979004,82.41303961417873,433.0,120192.7326965332,277.5807277501281,433.0,2161.0,4.990750598728409,433.0
2020-04-23,DK-84,1133.4874926805494,2.6177479790590548,433.0,25114.39587402344,58.00078030772086,433.0,123624.68731689453,285.5067016401684,433.0,10441.0,24.113108283814586,433.0
2020-04-02,DK-84,4153.2625131607065,9.59180813245398,433.0,32408.383056640625,74.84597739183195,433.0,121047.98501586914,279.555901755121,433.0,3674.0,8.484968856884857,433.0
2020-03-08,DK-84,2346.2375228405,5.4185498944355786,433.0,36073.93293762207,83.31143100736965,433.0,120926.89099121095,279.27623952649293,433.0,1915.0,4.422622580548313,433.0
2020-04-11,DK-84,1169.5624995231626,2.7010618902107915,433.0,31386.52459716797,72.4860325892272,433.0,121305.90411376953,280.1515564947184,433.0,7433.0,17.166242110295354,433.0
2020-03-27,DK-84,1101.3208383321762,2.5434602652930964,433.0,30643.374980926514,70.7697556839973,433.0,120491.86972045898,278.2715737849543,433.0,5320.0,12.286345759016724,433.0
2020-02-23,DK-84,3544.2291440963745,8.185267803299242,433.0,34845.4920501709,80.47439162997522,433.0,120290.95761108398,277.80757460394784,433.0,1779.0,4.108535546107284,433.0
2020-03-10,DK-84,2575.1041851043697,5.947109094677312,433.0,39620.57733154297,91.50227674195429,433.0,120867.94534301758,279.1401067041822,433.0,1542.0,3.56119269932402,433.0
2020-04-30,DK-84,2404.9416408538823,5.554124911614252,433.0,38825.17808532715,89.66533122400905,433.0,121332.84060668945,280.21376534162613,433.0,5668.0,13.090039053027592,433.0
2020-04-13,DK-84,3673.350014209747,8.483467738434202,433.0,21671.408325195312,50.04932627221488,433.0,120723.11764526367,278.8056324240907,433.0,8577.0,19.808268341181666,433.0
2020-03-25,DK-84,1668.1999945640564,3.8526469790232736,433.0,24314.53727722168,56.15353608241477,433.0,120159.96264648438,277.5050465160228,433.0,5291.0,12.21937131784915,433.0
2020-02-14,DK-84,872.9166717529297,2.015969181948609,433.0,37503.486297607415,86.61293229717121,433.0,119968.74105834961,277.06342724000547,433.0,1301.0,3.0046119985866087,433.0
2020-04-17,DK-84,1313.8958358764646,3.0343944606974693,433.0,27966.91668701172,64.58857297560911,433.0,121303.02896118164,280.1449164347926,433.0,9071.0,20.949143304518927,433.0
2020-03-03,DK-84,1015.4708324670793,2.34519281125697,433.0,40392.815574646,93.28573276885271,433.0,119956.04888916016,277.0341151386721,433.0,726.0,1.6766704926778462,433.0
2020-04-19,DK-84,1071.9458351135254,2.4756197678839658,433.0,26749.683238983154,61.77741677036118,433.0,121481.48007202148,280.55704275976615,433.0,9654.0,22.295560518335986,433.0
2020-02-08,DK-84,2041.850000381469,4.71557802495022,433.0,36044.14959716797,83.24264747002425,433.0,120427.67446899414,278.1233171955588,433.0,961.0,2.219394412484036,433.0
2020-03-26,DK-84,1172.6500034332275,2.708192367761801,433.0,27652.81633758545,63.863169686872425,433.0,120096.82144165039,277.35922420883645,433.0,5520.0,12.748238456724119,433.0
2020-02-13,DK-84,2115.0499844551086,4.884630715529776,433.0,36542.708602905266,84.39405129065584,433.0,119993.19479370116,277.11990224895834,433.0,1231.0,2.8429495543890204,433.0
2020-04-25,DK-84,1799.554162979126,4.156004635045013,433.0,30497.995826721188,70.43400783536572,433.0,122067.98852539062,281.9115626185405,433.0,9445.0,21.812882649231767,433.0
2020-02-19,DK-84,2390.7374939918523,5.5213209530505765,433.0,38650.00381469727,89.26077264185825,433.0,120290.17053222655,277.805756874064,433.0,456.0,1.053115350772862,433.0
2020-04-21,DK-84,1115.3500080108645,2.575860120440517,433.0,26864.762340545654,62.0431877537134,433.0,122435.71615600586,282.76081615517256,433.0,10079.0,23.277082500964198,433.0
2020-03-18,DK-84,2567.2541575431824,5.928979742640737,433.0,37040.117408752434,85.54279876663666,433.0,121710.33837890625,281.08558266356494,433.0,2245.0,5.1847455317655164,433.0
2020-04-24,DK-84,1691.2583410739899,3.905899388394,433.0,31669.94197845459,73.14057468332544,433.0,122645.09246826172,283.244363103692,433.0,10448.0,24.129274528234358,433.0
2020-02-17,DK-84,3979.008337974548,9.189374477136424,433.0,33341.09940338135,77.00005173979125,433.0,121166.02047729492,279.82850034363645,433.0,1072.0,2.4757448597116407,433.0
2020-03-06,DK-84,2203.154160737992,5.08810409384272,433.0,36108.19180297852,83.39055060606908,433.0,120170.99591064453,277.53052743676005,433.0,2354.0,5.436477052016048,433.0
2020-02-04,DK-84,3110.1958379745483,7.1828837300018895,433.0,37403.025428771965,86.38092158856901,433.0,119948.18161010742,277.01594594494566,433.0,,,
2020-02-11,DK-84,3671.345815658569,8.478839115056477,433.0,37608.000129699714,86.85430317643541,433.0,119824.77432250975,276.7309413200195,433.0,616.0,1.4226295089387786,433.0
2020-03-21,DK-84,1995.8750126361847,4.609400469366548,433.0,25036.241786956787,57.82028629716049,433.0,119645.41192626953,276.3167104146862,433.0,4468.0,10.318682866783217,433.0
2020-03-24,DK-84,1759.2125039100647,4.06283704635801,433.0,25173.495635986328,58.13726905015538,433.0,119743.95455932616,276.5442910277948,433.0,5029.0,11.614291883852465,433.0
2020-03-01,DK-84,2887.4458632469177,6.668450796295892,433.0,34367.80047607422,79.37118038081718,433.0,120466.71649169922,278.21348332151484,433.0,1124.0,2.5958369611155634,433.0
2020-04-03,DK-84,4053.333352565765,9.361025384619818,433.0,26985.633502960205,62.32233529012683,433.0,120481.47900390625,278.247576804456,433.0,6392.0,14.762090618728365,433.0
2020-02-22,DK-84,4541.295853137971,10.487956963466527,433.0,36665.261795043945,84.67708341330379,433.0,120992.36926269533,279.42745920377854,433.0,519.0,1.1986115505506916,433.0
2020-04-09,DK-84,2275.695812702179,5.255636390452168,433.0,29679.48299407959,68.54368233348096,433.0,121679.76309204102,281.0149701548981,433.0,7688.0,17.75515529987229,433.0
2020-03-16,DK-84,1930.925001859665,4.4594007908980915,433.0,34573.16649627685,79.84546570626131,433.0,121477.88690185547,280.5487444644596,433.0,2750.0,6.35102459347669,433.0
2020-05-01,DK-84,1011.8041574954988,2.3367247592857723,433.0,35928.062675476074,82.97454896288015,433.0,122245.50369262695,282.32152741593427,433.0,7966.0,18.397186149685567,433.0
2020-02-03,DK-84,1538.9458470344546,3.5541392445616857,433.0,39123.92935943604,90.35528638371744,433.0,120081.20330810547,277.3231546996554,433.0,59.0,0.1362583458236817,433.0
2020-02-27,DK-84,890.1375078558922,2.0557400741704805,433.0,34829.97891998291,80.43856462221315,433.0,118850.29516601562,274.480417287756,433.0,1793.0,4.140868034946801,433.0
2020-03-11,DK-84,3479.554174423218,8.03590332221685,433.0,33173.66608428955,76.6133706025842,433.0,121336.8116455078,280.22293631078867,433.0,3451.0,7.9699584989411125,433.0
2020-02-06,DK-84,2535.670866966248,5.856039286205454,433.0,38364.644943237305,88.60174674709137,433.0,120868.60095214845,279.14162080953264,433.0,55.0,0.1270204918695338,433.0
2020-04-20,DK-84,997.754160284996,2.3042768037140697,433.0,27507.453903198242,63.52746045205032,433.0,122173.26254272461,282.1546891178648,433.0,10050.0,23.210108059796628,433.0
2020-04-05,DK-84,1716.237506389618,3.9635878586645714,433.0,27909.35817718506,64.45564369870984,433.0,121829.12930297852,281.3599259654794,433.0,7464.0,17.237835478440005,433.0
2020-03-31,DK-84,2091.716655015945,4.830743243124024,433.0,25528.603797912598,58.957378384605576,433.0,119649.13800048828,276.32531564705,433.0,6032.0,13.930683762855052,433.0
2020-02-09,DK-84,3823.2333068847656,8.829617730408858,433.0,36996.95769500733,85.44312298356661,433.0,121305.12435913086,280.1497556798504,433.0,322.0,0.743647243308907,433.0
2020-02-12,DK-84,3858.791674137116,8.911738481290149,433.0,36937.483016967766,85.30576838614178,433.0,120038.4008178711,277.22430391124055,433.0,65.0,0.15011512675490354,433.0
2020-04-18,DK-84,1298.487508058548,2.9988094901825817,433.0,26627.57907867432,61.495421670329435,433.0,121206.95993041992,279.9230485158693,433.0,9007.0,20.80133764125256,433.0
2020-04-10,DK-84,1210.3124972581866,2.7951725221377925,433.0,31724.23735809326,73.2659678801972,433.0,120853.38763427734,279.10648620736987,433.0,7862.0,18.157001946877717,433.0
2020-03-23,DK-84,1308.3624967336655,3.021615415977481,433.0,25118.94157409668,58.01127843606985,433.0,119010.73260498047,274.85094169523967,433.0,4658.0,10.757480929605244,433.0
2020-02-29,DK-84,2528.3291954994197,5.839083964007982,433.0,38761.61130523682,89.51852606630659,433.0,120214.69412231445,277.6314468611261,433.0,640.0,1.478056632663666,433.0
2020-04-27,DK-84,1157.7749913930893,2.6738390705635537,433.0,33174.241470336914,76.61469943565237,433.0,122164.75741577148,282.1350468377013,433.0,8395.0,19.38794598626793,433.0
2020-03-19,DK-84,1649.7458248138428,3.810027747773893,433.0,33572.096252441406,77.53353052866255,433.0,120969.02471923828,279.373545833008,433.0,4370.0,10.092355444906596,433.0
2020-04-12,DK-84,2596.279183864593,5.996011981183862,433.0,27314.88359832764,63.08272636397522,433.0,123163.74591064453,284.4421742920792,433.0,8263.0,19.08309680578105,433.0
2020-03-29,DK-84,3431.804198741913,7.925626496802348,433.0,25590.76272201538,59.100932150307685,433.0,119218.52996826172,275.330842118752,433.0,5848.0,13.505742480964248,433.0
2020-04-04,DK-84,1609.3333175182345,3.7166965376944496,433.0,32443.3083190918,74.92663601029052,433.0,120704.3918762207,278.76238594419107,433.0,6727.0,15.535760887388252,433.0
2020-03-02,DK-84,1071.6916571855543,2.4750327532397263,433.0,37486.80799102783,86.574414357075,433.0,120209.6167602539,277.6197208788292,433.0,1856.0,4.286364234724632,433.0
2020-03-05,DK-84,1212.9583377838135,2.80128299422822,433.0,37536.187721252434,86.68845504110254,433.0,119983.87911987305,277.0983880403811,433.0,2130.0,4.919157230583762,433.0
2020-04-01,DK-84,3261.058309078217,7.531295098806278,433.0,35250.85469818115,81.41056186517157,433.0,120852.77142333984,279.10506309070837,433.0,3520.0,8.129311479650163,433.0
2020-03-12,DK-84,4444.945863723755,10.265440180793474,433.0,33507.062744140625,77.38333801571042,433.0,120932.54843139648,279.28930517804,433.0,2783.0,6.42723688859841,433.0
2020-03-22,DK-84,1525.2124996185305,3.5224225801292155,433.0,25697.33311843872,59.34705258980631,433.0,119061.34683227539,274.9678334051778,433.0,4418.0,10.203209692356367,433.0
2020-03-17,DK-84,2185.1124897003174,5.046437513309017,433.0,34928.379524230964,80.66581722497398,433.0,121344.94522094727,280.24172050629744,433.0,2473.0,5.711303207151947,433.0
2020-02-26,DK-84,2140.4374952316284,4.943262244732988,433.0,36024.166015625,83.19649611808056,433.0,119076.9739074707,275.003923564774,433.0,487.0,1.1247087189175082,433.0
2020-04-07,DK-84,1793.1958346366882,4.141320307890024,433.0,28128.975158691406,64.96284109896145,433.0,122552.4912109375,283.03050388090907,433.0,7793.0,17.997648966168672,433.0
2020-03-15,DK-84,2893.7624764442444,6.683038783846331,433.0,29702.000240325928,68.59568509154929,433.0,120931.9793701172,279.28799095179266,433.0,2529.0,5.840633162510017,433.0
2020-02-21,DK-84,3516.5874829292297,8.12143039607121,433.0,35690.011268615715,82.4247779303413,433.0,120767.4450378418,278.9080049187919,433.0,1977.0,4.565809316837607,433.0
2020-03-30,DK-84,2039.937498807907,4.7111611723943065,433.0,26079.574783325195,60.22982575865921,433.0,119705.38641357422,276.4552193033601,433.0,5778.0,13.34408003676666,433.0
2020-02-10,DK-84,3838.6167135238647,8.865145146371177,433.0,36083.895668029785,83.33443956949243,433.0,120764.66607666016,278.9015870094068,433.0,512.0,1.1824453061309328,433.0
2020-04-14,DK-84,2850.441659927368,6.582990939806996,433.0,22591.354347229004,52.17390802152653,433.0,120860.0595703125,279.1218948000409,433.0,8665.0,20.011501128172927,433.0
2020-03-28,DK-84,1727.6125001907349,3.9898579915305854,433.0,32682.09133529663,75.4780966678983,433.0,120427.52905273438,278.12298136201616,433.0,5452.0,12.591194939503605,433.0
2020-04-16,DK-84,2922.337474346161,6.749031698185828,433.0,28084.87892150879,64.86100244920632,433.0,121984.4620361328,281.7186612412739,433.0,8564.0,19.778245315830677,433.0
2020-03-07,DK-84,1526.362518787384,3.5250785074108006,433.0,37117.22016906738,85.72086477644945,433.0,120118.66177368164,277.40966365824016,433.0,1958.0,4.521929510555403,433.0
2020-02-05,DK-84,2711.2458310127263,6.261523255171987,433.0,34258.09609222412,79.11782211178294,433.0,119736.62225341795,276.52735733501305,433.0,534.0,1.2332535028787464,433.0
2020-02-28,DK-84,1956.6333293914795,4.5187732346841685,433.0,37183.7954864502,85.87461804118281,433.0,119635.54116821288,276.29391425935023,433.0,1977.0,4.565809316837607,433.0
2020-04-22,DK-84,945.012495279312,2.182471854058795,433.0,27578.67470550537,63.69194229460296,433.0,122763.49621582033,283.5178122355845,433.0,10242.0,23.653525049595732,433.0
2020-03-14,DK-84,1502.0999927520752,3.4690450893925773,433.0,24563.25006103516,56.7279291757644,433.0,119224.74633789062,275.3451985974412,433.0,4197.0,9.692818261389695,433.0
2020-03-04,DK-84,2005.4583287239075,4.6315327879702535,433.0,37283.828880310066,86.10564151193657,433.0,120299.45874023438,277.827207651332,433.0,2066.0,4.771351567317397,433.0
2020-02-16,DK-84,3776.9458227157593,8.722718475744305,433.0,36906.55386352538,85.23433863553522,433.0,122061.07077026367,281.8955863156521,433.0,2.0,0.004618926977073956,433.0
2020-02-25,DK-84,3865.4791765213013,8.92718302387593,433.0,36898.4487991333,85.21562028524946,433.0,120154.2840576172,277.49193202236756,433.0,1727.0,3.9884434447033614,433.0
2020-02-18,DK-84,3330.3916354179382,7.691417884526683,433.0,35731.803871154785,82.52129641999623,433.0,120715.951171875,278.78908171545794,433.0,1041.0,2.4041514915669944,433.0
2020-03-20,DK-84,2174.012513399124,5.020802523317785,433.0,31786.074729919434,73.40877903265681,433.0,120308.54583740234,277.84819397045817,433.0,3809.0,8.796746427837348,433.0
2020-02-15,DK-84,2622.495825767517,6.056558358450713,433.0,38527.83672332764,88.97863220483934,433.0,120779.77081298828,278.9364708464606,433.0,98.0,0.22632742187662386,433.0
2020-04-15,DK-84,3758.4000124931335,8.679887604169814,433.0,30640.471031188965,70.76304911810588,433.0,122139.73474121095,282.0772578844181,433.0,7484.0,17.284024748210744,433.0
2020-04-28,DK-84,1427.3249967098236,3.2963549661775,433.0,31964.403274536133,73.82062229541302,433.0,122316.38235473633,282.48521909819226,433.0,10568.0,24.40641014685879,433.0
2020-04-08,DK-84,1379.4125101566315,3.1857028278378836,433.0,27582.441452026367,63.70064145816379,433.0,122310.7848815918,282.47229193833687,433.0,7820.0,18.060004480359172,433.0
2020-04-26,DK-84,1186.733337521553,2.7407173136356566,433.0,30953.987564086914,71.48710410388641,433.0,121735.6284790039,281.14398922636184,433.0,9640.0,22.26322802949647,433.0
2020-03-09,DK-84,1281.2916610240934,2.9590963093020424,433.0,39726.01609802246,91.74578372341507,433.0,121119.96697998047,279.7221414730693,433.0,1705.0,3.9376352479555483,433.0
2020-04-06,DK-84,1950.76251077652,4.505214793445097,433.0,25264.958404541016,58.34849897469294,433.0,122627.3505859375,283.20338887424634,433.0,7577.0,17.498804852644678,433.0
2020-02-07,DK-84,1174.5416781902313,2.7125611215452885,433.0,39963.88384246826,92.29513059431332,433.0,120067.02282714845,277.29040539663515,433.0,,,
2020-03-13,DK-84,3300.8458380699158,7.623182944311713,433.0,33188.12939453125,76.64677308951076,433.0,120091.19940185547,277.34624031319896,433.0,2258.0,5.214768557116496,433.0
2020-02-20,DK-84,2735.6291689872737,6.3178356839528655,433.0,39637.67380523682,91.54176042373301,433.0,120377.69625854492,278.0078943433039,433.0,534.0,1.2332535028787464,433.0
2020-04-29,DK-84,2453.8041648864746,5.666971126825284,433.0,34843.14540863037,80.46897214701669,433.0,120859.11654663086,279.1197169212793,433.0,5397.0,12.46417444763407,433.0
2020-04-21,DK-85,4889.125010967256,4.168048459436313,1173.0,69553.87104797362,59.29566219293388,1173.0,331902.47509765625,282.9515704570212,1173.0,27950.0,23.82777167282893,1173.0
2020-04-17,DK-85,2595.5791628360753,2.212768073374255,1173.0,76565.04084777832,65.27278395140185,1173.0,328902.9827575684,280.394460667611,1173.0,25454.0,21.699896249022807,1173.0
2020-04-20,DK-85,3030.170829415321,2.5832636369579576,1173.0,72602.14584732057,61.89435972119424,1173.0,330815.97106933594,282.025310352963,1173.0,27480.0,23.427090002480817,1173.0
2020-02-11,DK-85,10363.725054740906,8.835222693536412,1173.0,100367.82199859619,85.56499269701919,1173.0,324781.81594848627,276.88110747432125,1173.0,2045.0,1.7433915231103807,1173.0
2020-02-26,DK-85,5375.374977350235,4.5825834567491714,1173.0,98204.77016448976,83.72096030991429,1173.0,322953.0235595703,275.32203600812807,1173.0,1547.0,1.3188394553798335,1173.0
2020-02-18,DK-85,9479.441623210909,8.08135851820323,1173.0,98423.25375366212,83.90722067045306,1173.0,326931.70239257807,278.71391617959245,1173.0,2741.0,2.336741400902472,1173.0
2020-04-07,DK-85,4285.387511968614,3.653353673158516,1173.0,79049.90001296997,67.39116165542056,1173.0,332585.59072875977,283.53393622747103,1173.0,21050.0,17.94542374644182,1173.0
2020-02-20,DK-85,8464.424996376038,7.216042438477068,1173.0,109817.11866760254,93.62065221393893,1173.0,326073.6657409668,277.98242775664033,1173.0,,,
2020-04-27,DK-85,3373.9833548069,2.876368694320721,1173.0,85235.25746917725,72.66426667085301,1173.0,332124.390625,283.1407565935579,1173.0,26333.0,22.449256223992986,1173.0
2020-03-08,DK-85,7165.324953556061,6.108541214846415,1173.0,99580.53565216064,84.89381991333396,1173.0,328073.7049865723,279.68748959853593,1173.0,5024.0,4.283031301763597,1173.0
2020-03-06,DK-85,6973.804169654846,5.945267028463613,1173.0,100811.11476135254,85.94290606858179,1173.0,325560.4913635254,277.5449393167827,1173.0,6001.0,5.1159376675723225,1173.0
2020-03-31,DK-85,4922.079189300537,4.1961423641587166,1173.0,69742.06608200072,59.45610113034919,1173.0,324501.98916625977,276.64255117110713,1173.0,17311.0,14.757873181693792,1173.0
2020-02-09,DK-85,11962.383342266085,10.198101572177759,1173.0,100409.9376373291,85.60089687675382,1173.0,328740.4532470703,280.2559019532552,1173.0,9.0,0.007672627730070138,1173.0
2020-03-21,DK-85,4881.174972295761,4.161270938640088,1173.0,70082.18752288817,59.74605948578747,1173.0,324117.12963867193,276.3144529618234,1173.0,12231.0,10.427101085165315,1173.0
2020-02-07,DK-85,3641.741670846939,3.1046364588324638,1173.0,107602.7268218994,91.73285173831856,1173.0,325876.1057739258,277.81400508092133,1173.0,,,
2020-03-22,DK-85,4833.937483549118,4.121000309078267,1173.0,72991.35038757324,62.226162115440005,1173.0,322734.5901489258,275.1358184254965,1173.0,11744.0,10.0119266735493,1173.0
2020-03-12,DK-85,12130.883312225342,10.341750187958358,1173.0,91365.5597000122,77.89043632529913,1173.0,327806.57901000977,279.4597609124031,1173.0,8191.0,6.982943748556052,1173.0
2020-03-07,DK-85,4357.504145860672,3.714834127047353,1173.0,101693.11002349854,86.69481954704091,1173.0,325460.1048278809,277.4593583704369,1173.0,6566.0,5.59760818618228,1173.0
2020-02-12,DK-85,10878.716702461244,9.27426038209792,1173.0,100664.95587158203,85.81830354073188,1173.0,324932.1173706055,277.0092415697902,1173.0,52.0,0.04433073799596079,1173.0
2020-04-26,DK-85,3408.9083443880077,2.906142743602101,1173.0,80827.7833480835,68.90683243073407,1173.0,329716.48248291016,281.0879807288401,1173.0,23776.0,20.26937743446084,1173.0
2020-02-03,DK-85,4594.929146051407,3.917242309300169,1173.0,109221.83953094482,93.11316830159977,1173.0,325852.3759765625,277.79377509189044,1173.0,,,
2020-02-10,DK-85,11119.47918510437,9.47951381550772,1173.0,98164.96962738037,83.68702978717015,1173.0,327017.63110351557,278.7871716251867,1173.0,667.0,0.5686269662174201,1173.0
2020-02-19,DK-85,7241.754169464111,6.173698206109041,1173.0,103579.5524368286,88.30303847722946,1173.0,326235.0209350586,278.11998534959355,1173.0,2836.0,2.417730249164323,1173.0
2020-03-15,DK-85,8314.016677379608,7.087817211903151,1173.0,86050.22187805176,73.35903539558088,1173.0,327977.4881591797,279.60546338765243,1173.0,6103.0,5.202894115179783,1173.0
2020-04-01,DK-85,8517.762546539307,7.261513456970032,1173.0,93270.48375701904,79.51441111901784,1173.0,327761.9615478516,279.42172389269194,1173.0,10862.0,9.260009156002424,1173.0
2020-02-05,DK-85,6783.045833110809,5.782642839273633,1173.0,92343.41305541992,78.72407018870396,1173.0,324496.1388549805,276.6375636977125,1173.0,1977.0,1.6854205580387398,1173.0
2020-04-03,DK-85,9949.66667461395,8.482232048066415,1173.0,75390.90798568727,64.27181902290558,1173.0,326646.8616027832,278.47108536376635,1173.0,19661.0,16.761281533434328,1173.0
2020-03-26,DK-85,3765.608323574066,3.2102345382263664,1173.0,75218.43348693848,64.12478206492447,1173.0,325494.89505004877,277.4890175285859,1173.0,15243.0,12.994873832162115,1173.0
2020-03-16,DK-85,5205.170863866806,4.43748203442862,1173.0,96812.46227264404,82.53399807216195,1173.0,329155.25079345703,280.6095227484521,1173.0,8388.0,7.150889044425367,1173.0
2020-02-23,DK-85,9798.791749000551,8.353609032729343,1173.0,97071.46007537842,82.7547973747494,1173.0,325866.6141967773,277.80591337669557,1173.0,3393.0,2.8925806542364416,1173.0
2020-03-24,DK-85,5429.67916226387,4.628878545085528,1173.0,69232.745262146,59.0218979030248,1173.0,324448.7703857422,276.59718140542265,1173.0,14063.0,11.988907085330705,1173.0
2020-04-08,DK-85,3790.058342933655,3.2310785267307147,1173.0,78990.30001449585,67.34035181086449,1173.0,332474.5397644043,283.43926370429716,1173.0,20997.0,17.900240494253627,1173.0
2020-03-27,DK-85,3291.4791673421864,2.8060327035886465,1173.0,84611.97490692139,72.1329094407604,1173.0,326713.50622558594,278.5279008505414,1173.0,16108.0,13.732298608441086,1173.0
2020-03-30,DK-85,5683.775013446808,4.845498864405749,1173.0,73198.48707962036,62.40274908514176,1173.0,324911.3500366211,276.99153712283373,1173.0,16675.0,14.215674155435504,1173.0
2020-02-17,DK-85,12165.766737937927,10.371488803451939,1173.0,90360.03344726562,77.03321092417279,1173.0,328363.82250976557,279.93481890447293,1173.0,2893.0,2.466323558121434,1173.0
2020-03-09,DK-85,4099.933321952821,3.4952513441615314,1173.0,108733.2250289917,92.69661750415531,1173.0,328193.3611755371,279.78949819781656,1173.0,4625.0,3.94287813906382,1173.0
2020-03-01,DK-85,8797.041650295258,7.499602856515262,1173.0,94611.98747253418,80.6580620754238,1173.0,326401.15698242193,278.26161868781173,1173.0,3513.0,2.9948823573040437,1173.0
2020-04-24,DK-85,5126.495823383331,4.370410445842187,1173.0,81736.00023651122,69.6811002177417,1173.0,332880.2984619141,283.78517875254505,1173.0,28410.0,24.21992820125473,1173.0
2020-02-06,DK-85,6788.445803165436,5.787246390382816,1173.0,103676.0580215454,88.38531085782995,1173.0,327395.15087890625,279.1090125915547,1173.0,333.0,0.28388722601259503,1173.0
2020-02-01,DK-85,9498.16253376007,8.09731836013786,1173.0,106414.12264251708,90.71954980645123,1173.0,330013.60006713873,281.341277686156,1173.0,,,
2020-04-16,DK-85,6648.96248626709,5.668334883147661,1173.0,77317.79958724977,65.91452146012642,1173.0,330961.1677551269,282.14909258826464,1173.0,24484.0,20.87295748255969,1173.0
2020-02-13,DK-85,6188.7541892528525,5.276000778561019,1173.0,101112.63748931883,86.19995847345301,1173.0,324819.9246826172,276.91359571101583,1173.0,3603.0,3.0716086346047446,1173.0
2020-03-17,DK-85,6587.30836725235,5.615773871678157,1173.0,97317.64170074463,82.96467070424035,1173.0,328748.99880981445,280.2631871667752,1173.0,7898.0,6.73315709023266,1173.0
2020-04-23,DK-85,2227.0124918222427,1.8985597555519929,1173.0,67550.37119293213,57.58765013238022,1173.0,334654.13400268555,285.2973987257347,1173.0,28720.0,24.484207600846034,1173.0
2020-03-13,DK-85,8419.999981403349,7.17816948272282,1173.0,92690.2883605957,79.01978630930044,1173.0,325499.20501708984,277.49269183665643,1173.0,6645.0,5.66495680736845,1173.0
2020-03-18,DK-85,7244.920862674713,6.176397857013518,1173.0,104525.20346069336,89.109219395971,1173.0,329417.5053710937,280.8330984978647,1173.0,5225.0,4.454386654401829,1173.0
2020-02-16,DK-85,11243.75000667572,9.58545645457738,1173.0,101572.34648895264,86.59186691993669,1173.0,330610.0626831055,281.8497705314023,1173.0,24.0,0.020460340613520363,1173.0
2020-03-10,DK-85,7654.625003814697,6.525676451950764,1173.0,110923.14855194092,94.56355838736788,1173.0,327510.13092041016,279.20703470876,1173.0,3715.0,3.1670902241345065,1173.0
2020-02-22,DK-85,13342.566662788391,11.374727440802175,1173.0,100700.33601379396,85.84846561409066,1173.0,327793.19024658203,279.4483468015646,1173.0,482.0,0.4109118406548673,1173.0
2020-04-22,DK-85,3583.229169845581,3.054753721305933,1173.0,71597.92014694214,61.03824305941951,1173.0,331954.5500793457,282.9959651179716,1173.0,28374.0,24.189237690334448,1173.0
2020-03-11,DK-85,8657.066652774809,7.380272184571719,1173.0,92657.09049987793,78.99148466188684,1173.0,328819.7712097168,280.3235216421101,1173.0,9573.0,8.161118362217936,1173.0
2020-03-28,DK-85,4871.966663360596,4.153420724586422,1173.0,89576.57846069336,76.36530442914658,1173.0,326098.5799255371,278.0036674525743,1173.0,15738.0,13.416868357315982,1173.0
2020-04-09,DK-85,5487.966691493988,4.678569490984226,1173.0,77699.98390197754,66.24033901247957,1173.0,330377.41622924805,281.65143612771686,1173.0,21621.0,18.43220935020516,1173.0
2020-04-10,DK-85,3184.2541465759277,2.714621851623253,1173.0,83883.19530105591,71.51161448375228,1173.0,327734.1194763184,279.3979881315688,1173.0,20766.0,17.703309715848494,1173.0
2020-04-14,DK-85,6762.141661167145,5.7648217360148415,1173.0,65190.18370056152,55.57555679881051,1173.0,327635.3800354004,279.3138113568534,1173.0,23457.0,19.997425407139467,1173.0
2020-04-18,DK-85,3484.8666698932648,2.9708982941133595,1173.0,69929.08354568481,59.615536172334735,1173.0,328913.7155456543,280.40361052177644,1173.0,26316.0,22.434763482725078,1173.0
2020-03-02,DK-85,3227.016674637795,2.751077513691629,1173.0,102162.12726593018,87.09466340261446,1173.0,326045.0620727539,277.9580427235389,1173.0,5971.0,5.090362241805421,1173.0
2020-04-15,DK-85,9665.399965286257,8.239890643986028,1173.0,81155.44576263428,69.18616928939896,1173.0,330990.27032470703,282.17390294186197,1173.0,23271.0,19.838857767384685,1173.0
2020-03-23,DK-85,4363.045832157135,3.7195584932639743,1173.0,70018.00891494751,59.691346311680476,1173.0,322755.5450134277,275.15368274488065,1173.0,13658.0,11.643638837477546,1173.0
2020-04-19,DK-85,2917.708335876465,2.4873877651225063,1173.0,70033.94181442262,59.70492933460637,1173.0,329401.0931091309,280.8191068116147,1173.0,27064.0,23.07244409851313,1173.0
2020-04-13,DK-85,8316.608332157135,7.090026634382354,1173.0,59494.24626922608,50.71968930054286,1173.0,326835.65530395514,278.63203467341896,1173.0,23353.0,19.908763931147547,1173.0
2020-04-06,DK-85,5237.225000381471,4.46480864072705,1173.0,69217.99220657349,59.00932071377048,1173.0,333012.36669921875,283.89776879919015,1173.0,20658.0,17.611238183087657,1173.0
2020-04-25,DK-85,3786.129175662994,3.227728855868832,1173.0,77312.48297119139,65.90998896948204,1173.0,331567.7664489746,282.6662265837578,1173.0,28986.0,24.710976375979207,1173.0
2020-02-25,DK-85,12112.900065422058,10.326419214836184,1173.0,97509.21948242188,83.12799348203615,1173.0,325788.39474487305,277.73923018383874,1173.0,5096.0,4.344412323604157,1173.0
2020-04-29,DK-85,6674.441686630249,5.6900562630639255,1173.0,103006.21208190918,87.81425768768244,1173.0,328513.5497131348,280.062463470308,1173.0,14739.0,12.565206679278193,1173.0
2020-02-29,DK-85,7839.145832061768,6.682983076793428,1173.0,106119.16474914552,90.46809401624168,1173.0,326169.17041015625,278.06384684254846,1173.0,2693.0,2.2958207196754308,1173.0
2020-04-11,DK-85,2954.949990391732,2.5191368041388977,1173.0,84857.86676025389,72.34253573548011,1173.0,328755.032409668,280.26833089628053,1173.0,19317.0,16.468016651307202,1173.0
2020-03-19,DK-85,3936.7041401863103,3.3560961501194884,1173.0,93156.24794006348,79.41702346380222,1173.0,327976.66528320307,279.604761874204,1173.0,11730.0,9.999991474858078,1173.0
2020-04-05,DK-85,5142.983337879181,4.384466285944497,1173.0,75711.56998825072,64.54518793099983,1173.0,330421.6365661621,281.6891345925213,1173.0,20233.0,17.248919651389894,1173.0
2020-02-08,DK-85,6439.966650009155,5.490162966620792,1173.0,97150.47867584227,82.822161853095,1173.0,326247.62197875977,278.1307279181857,1173.0,3357.0,2.861890143316161,1173.0
2020-04-02,DK-85,11084.066619396208,9.449324100658234,1173.0,88502.35760879518,75.44951590731395,1173.0,328220.87954711914,279.81295800013737,1173.0,11164.0,9.51746844205589,1173.0
2020-04-30,DK-85,5832.629170417786,4.972399145795942,1173.0,109454.0464477539,93.3111279937135,1173.0,330031.3951416016,281.35644823968744,1173.0,15026.0,12.809878252448206,1173.0
2020-03-04,DK-85,4686.562501192093,3.9953610450392567,1173.0,105014.60946655273,89.5264449617287,1173.0,325326.1815490723,277.3451868745826,1173.0,5865.0,4.999995737429039,1173.0
2020-04-04,DK-85,4086.8499941825867,3.48409762155581,1173.0,94157.82492828368,80.27088206087095,1173.0,327047.77908325195,278.812873205779,1173.0,15988.0,13.629996905373485,1173.0
2020-04-12,DK-85,6610.979152679443,5.6359535521959865,1173.0,73608.84587478638,62.7525857819272,1173.0,334091.5015258789,284.81774655424755,1173.0,22982.0,19.592481165830208,1173.0
2020-02-27,DK-85,2356.491673231125,2.0089425953013893,1173.0,103583.08670043944,88.30605148711676,1173.0,321900.5350646973,274.42477462909005,1173.0,4623.0,3.94117311067936,1173.0
2020-03-03,DK-85,3189.6500000953674,2.71922189332777,1173.0,108661.25706481934,92.63526379331249,1173.0,325503.3621520996,277.4962358532513,1173.0,2782.0,2.3716944827839024,1173.0
2020-03-14,DK-85,4235.099996089935,3.610482852179952,1173.0,76076.61714553832,64.85639581342072,1173.0,323745.7639770508,275.9978584647846,1173.0,11694.0,9.969300963937796,1173.0
2020-02-15,DK-85,8400.787469387054,7.161790543560537,1173.0,103367.71173095703,88.12244126898192,1173.0,327550.69625854486,279.24161723523247,1173.0,80.0,0.06820113537840121,1173.0
2020-02-02,DK-85,8079.150022029877,6.8875900549359095,1173.0,96587.8493118286,82.342512335308,1173.0,326211.2712097168,278.09973837167814,1173.0,34.0,0.02898548253582052,1173.0
2020-03-25,DK-85,4793.424992084503,4.086462835142087,1173.0,67362.36310577393,57.42737056982385,1173.0,325580.0562133789,277.56161862895163,1173.0,14399.0,12.275351853919988,1173.0
2020-02-28,DK-85,6410.900025844574,5.46538325700027,1173.0,98916.972114563,84.32812258008559,1173.0,324913.0510864258,276.9929872919339,1173.0,5718.0,4.874676151171227,1173.0
2020-03-05,DK-85,3634.5249955654144,3.0984841407342487,1173.0,107020.51055145264,91.23650410481548,1173.0,324546.3352966309,276.68035687661893,1173.0,5813.0,4.955664999433078,1173.0
2020-02-21,DK-85,9947.674928188324,8.480534055971242,1173.0,98019.41548156738,83.56294281212665,1173.0,327066.06536865234,278.828462523606,1173.0,5045.0,4.300934099800426,1173.0
2020-04-28,DK-85,3450.0416448116302,2.9412094659865,1173.0,82876.96252441406,70.6537867609781,1173.0,331832.0196838379,282.89150621682154,1173.0,28488.0,24.286424308248684,1173.0
2020-05-01,DK-85,3158.062498211861,2.6922930996749885,1173.0,97177.6563949585,82.84533124435401,1173.0,331261.97912597656,282.40553855109806,1173.0,24101.0,20.5464445469356,1173.0
2020-02-14,DK-85,3353.8625129461293,2.8592153910747977,1173.0,102188.70468902588,87.11732103299644,1173.0,325112.55184936523,277.16306452370054,1173.0,3497.0,2.981242130228363,1173.0
2020-02-24,DK-85,6499.104172706604,5.540578544013691,1173.0,100399.19855499268,85.59174165665048,1173.0,325592.0168762207,277.57181526377275,1173.0,5354.0,4.564360985199501,1173.0
2020-03-29,DK-85,8813.395855903625,7.513545048899043,1173.0,69592.14227294923,59.3282889553796,1173.0,323319.3202209473,275.6343091105185,1173.0,16570.0,14.12616016525135,1173.0
2020-03-20,DK-85,5506.854172229767,4.694671336366948,1173.0,86616.44608306885,73.8417495663421,1173.0,326012.8041381836,277.93054237650574,1173.0,10693.0,9.115934257515553,1173.0
2020-02-04,DK-85,8810.462537765503,7.511044353555968,1173.0,98329.16669464113,83.82701011733249,1173.0,324898.54696655273,276.9806223238964,1173.0,258.0,0.2199486615953439,1173.0
